Species,LifeStage,Return.Yr.,Strata,Location.Reach,Disposition,Method,Abund.Mean,Abund.SD,Comment
Chum,Adult,2002,Cascade,I205,Duncan_Channel,Census,15,NA,
Chum,Adult,2002,Cascade,I205,I205,Live tagging,3145,481.81,
Chum,Adult,2002,Cascade,I205,Lewis_Hatchery,NA,NA,NA,
Chum,Adult,2003,Cascade,I205,Duncan_Channel,NA,NA,NA,
Chum,Adult,2003,Cascade,I205,I205,Live tagging,2866,159.82,
Chum,Adult,2003,Cascade,I205,Lewis_Hatchery,NA,NA,NA,
Chum,Adult,2004,Cascade,I205,Duncan_Channel,NA,NA,NA,
Chum,Adult,2004,Cascade,I205,I205,Live tagging,2324,202.12,
Chum,Adult,2004,Cascade,I205,Lewis_Hatchery,NA,NA,NA,
Chum,Adult,2005,Cascade,I205,Duncan_Channel,NA,NA,NA,
Chum,Adult,2005,Cascade,I205,I205,Live tagging,923,34.27,
Chum,Adult,2005,Cascade,I205,Lewis_Hatchery,NA,NA,NA,
Chum,Adult,2006,Cascade,I205,Duncan_Channel,NA,NA,NA,
Chum,Adult,2006,Cascade,I205,I205,Live tagging,869,20.36,
Chum,Adult,2006,Cascade,I205,Lewis_Hatchery,NA,NA,NA,
Chum,Adult,2007,Cascade,I205,Duncan_Channel,NA,NA,NA,
Chum,Adult,2007,Cascade,I205,I205,Live tagging,576,30.89,
Chum,Adult,2007,Cascade,I205,Lewis_Hatchery,NA,NA,NA,
Chum,Adult,2008,Cascade,I205,Duncan_Channel,NA,NA,NA,
Chum,Adult,2008,Cascade,I205,I205,Live tagging,644,38.03,
Chum,Adult,2008,Cascade,I205,Lewis_Hatchery,NA,NA,NA,
Chum,Adult,2009,Cascade,I205,Duncan_Channel,NA,NA,NA,
Chum,Adult,2009,Cascade,I205,I205,Live tagging,1154,29.29,
Chum,Adult,2009,Cascade,I205,Lewis_Hatchery,NA,NA,NA,
Chum,Adult,2010,Cascade,I205,Duncan_Channel,NA,NA,NA,
Chum,Adult,2010,Cascade,I205,I205,Live tagging,2148,62.76,
Chum,Adult,2010,Cascade,I205,Lewis_Hatchery,NA,NA,NA,
Chum,Adult,2011,Cascade,I205,Duncan_Channel,NA,NA,NA,
Chum,Adult,2011,Cascade,I205,I205,Live tagging,4785,103.66,
Chum,Adult,2011,Cascade,I205,Lewis_Hatchery,Census,111,NA,
Chum,Adult,2012,Cascade,I205,Duncan_Channel,NA,NA,NA,
Chum,Adult,2012,Cascade,I205,I205,Live tagging,2539,201.66,
Chum,Adult,2012,Cascade,I205,Lewis_Hatchery,Census,88,NA,
Chum,Adult,2013,Cascade,I205,Duncan_Channel,NA,NA,NA,
Chum,Adult,2013,Cascade,I205,I205,Live tagging,1364,45.4,KB - changed back to M+F (lives & carcs)
Chum,Adult,2013,Cascade,I205,Lewis_Hatchery,Census,102,NA,
Chum,Adult,2014,Cascade,I205,Duncan_Channel,NA,NA,NA,
Chum,Adult,2014,Cascade,I205,I205,Live tagging,1387,60.32,KB - changed back to M+F (lives & carcs)
Chum,Adult,2014,Cascade,I205,Lewis_Hatchery,Census,85,NA,
Chum,Adult,2015,Cascade,I205,Duncan_Channel,NA,NA,NA,
Chum,Adult,2015,Cascade,I205,I205,Live tagging,4694,402.39,
Chum,Adult,2015,Cascade,I205,Lewis_Hatchery,Census,63,NA,
Chum,Adult,2016,Cascade,I205,Duncan_Channel,NA,NA,NA,
Chum,Adult,2016,Cascade,I205,I205,Live tagging,5155,128.21,
Chum,Adult,2016,Cascade,I205,Lewis_Hatchery,Census,90,NA,
Chum,Adult,2017,Cascade,I205,Duncan_Channel,NA,NA,NA,
Chum,Adult,2017,Cascade,I205,I205,Live tagging,1570,61.51,
Chum,Adult,2017,Cascade,I205,Lewis_Hatchery,Census,77,NA,
Chum,Adult,2018,Cascade,I205,Duncan_Channel,NA,NA,NA,
Chum,Adult,2018,Cascade,I205,I205,Live tagging,2518,67.36,
Chum,Adult,2018,Cascade,I205,Lewis_Hatchery,Census,86,NA,
Chum,Adult,2002,Coastal,Grays_CJ,Grays_CJ,NA,NA,NA,
Chum,Adult,2003,Coastal,Grays_CJ,Grays_CJ,NA,NA,NA,
Chum,Adult,2004,Coastal,Grays_CJ,Grays_CJ,Carc tagging,1051,170.51,
Chum,Adult,2005,Coastal,Grays_CJ,Grays_CJ,Carc tagging,1418,40.84,
Chum,Adult,2006,Coastal,Grays_CJ,Grays_CJ,Carc tagging,3819,188.8,
Chum,Adult,2007,Coastal,Grays_CJ,Grays_CJ,Carc tagging,870,114.77,
Chum,Adult,2008,Coastal,Grays_CJ,Grays_CJ,Carc tagging,1093,139.82,
Chum,Adult,2009,Coastal,Grays_CJ,Grays_CJ,Carc tagging,996,33.9,
Chum,Adult,2010,Coastal,Grays_CJ,Grays_CJ,Carc tagging,865,113.13,
Chum,Adult,2011,Coastal,Grays_CJ,Grays_CJ,Carc tagging,2304,271.47,
Chum,Adult,2012,Coastal,Grays_CJ,Grays_CJ,Carc tagging,3475,328.72,
Chum,Adult,2013,Coastal,Grays_CJ,Grays_CJ,Carc tagging,1925,106.42,
Chum,Adult,2014,Coastal,Grays_CJ,Grays_CJ,Carc tagging,1541,65.08,
Chum,Adult,2015,Coastal,Grays_CJ,Grays_CJ,Carc tagging,4193,346.42,
Chum,Adult,2016,Coastal,Grays_CJ,Grays_CJ,Carc tagging,5987,337.14,
Chum,Adult,2017,Coastal,Grays_CJ,Grays_CJ,Carc tagging,3681,555.02,
Chum,Adult,2018,Coastal,Grays_CJ,Grays_CJ,Carc tagging,899,22,
Chum,Adult,2002,Coastal,Grays_MS,Grays_Hatchery,Census,328,NA,
Chum,Adult,2002,Coastal,Grays_MS,Grays_MS,NA,NA,NA,
Chum,Adult,2003,Coastal,Grays_MS,Grays_Hatchery,Census,305,NA,
Chum,Adult,2003,Coastal,Grays_MS,Grays_MS,NA,NA,NA,
Chum,Adult,2004,Coastal,Grays_MS,Grays_Hatchery,Census,304,NA,
Chum,Adult,2004,Coastal,Grays_MS,Grays_MS,Carc tagging,5696,527.08,
Chum,Adult,2005,Coastal,Grays_MS,Grays_Hatchery,Census,132,NA,
Chum,Adult,2005,Coastal,Grays_MS,Grays_MS,Carc tagging,1379,55.92,
Chum,Adult,2006,Coastal,Grays_MS,Grays_Hatchery,Census,117,NA,
Chum,Adult,2006,Coastal,Grays_MS,Grays_MS,Carc tagging,1510,122.05,
Chum,Adult,2007,Coastal,Grays_MS,Grays_Hatchery,Census,134,NA,
Chum,Adult,2007,Coastal,Grays_MS,Grays_MS,Carc tagging,1227,140.13,
Chum,Adult,2008,Coastal,Grays_MS,Grays_Hatchery,Census,87,NA,
Chum,Adult,2008,Coastal,Grays_MS,Grays_MS,Carc tagging,721,134.1,
Chum,Adult,2009,Coastal,Grays_MS,Grays_Hatchery,Census,108,NA,
Chum,Adult,2009,Coastal,Grays_MS,Grays_MS,Carc tagging,NA,NA,
Chum,Adult,2010,Coastal,Grays_MS,Grays_Hatchery,Census,287,NA,
Chum,Adult,2010,Coastal,Grays_MS,Grays_MS,Carc tagging,3701,850.61,
Chum,Adult,2011,Coastal,Grays_MS,Grays_Hatchery,Census,295,NA,
Chum,Adult,2011,Coastal,Grays_MS,Grays_MS,Carc tagging,2509,573.7,
Chum,Adult,2012,Coastal,Grays_MS,Grays_Hatchery,Census,219,NA,
Chum,Adult,2012,Coastal,Grays_MS,Grays_MS,Carc tagging,1717,599.07,
Chum,Adult,2013,Coastal,Grays_MS,Grays_Hatchery,Census,250,NA,
Chum,Adult,2013,Coastal,Grays_MS,Grays_MS,Carc tagging,1352,271.03,
Chum,Adult,2014,Coastal,Grays_MS,Grays_Hatchery,Census,246,NA,
Chum,Adult,2014,Coastal,Grays_MS,Grays_MS,Carc tagging,2107,489.79,
Chum,Adult,2015,Coastal,Grays_MS,Grays_Hatchery,Census,128,NA,
Chum,Adult,2015,Coastal,Grays_MS,Grays_MS,Carc tagging,1091,118.66,
Chum,Adult,2016,Coastal,Grays_MS,Grays_Hatchery,Census,126,NA,
Chum,Adult,2016,Coastal,Grays_MS,Grays_MS,Carc tagging,6129,995.32,
Chum,Adult,2017,Coastal,Grays_MS,Grays_Hatchery,Census,118,NA,
Chum,Adult,2017,Coastal,Grays_MS,Grays_MS,Carc tagging,1051,145.7,
Chum,Adult,2018,Coastal,Grays_MS,Grays_Hatchery,Census,250,NA,
Chum,Adult,2018,Coastal,Grays_MS,Grays_MS,Carc tagging,3010,609,
Chum,Adult,2002,Coastal,Grays_WF,Grays_WF,NA,NA,NA,
Chum,Adult,2003,Coastal,Grays_WF,Grays_WF,NA,NA,NA,
Chum,Adult,2004,Coastal,Grays_WF,Grays_WF,Carc tagging,6970,29.65,
Chum,Adult,2005,Coastal,Grays_WF,Grays_WF,Carc tagging,1407,103.19,
Chum,Adult,2006,Coastal,Grays_WF,Grays_WF,Carc tagging,1275,65.36,
Chum,Adult,2007,Coastal,Grays_WF,Grays_WF,Carc tagging,1902,382.44,
Chum,Adult,2008,Coastal,Grays_WF,Grays_WF,Carc tagging,793,45.49,
Chum,Adult,2009,Coastal,Grays_WF,Grays_WF,Carc tagging,1130,218.57,
Chum,Adult,2010,Coastal,Grays_WF,Grays_WF,Carc tagging,1814,326.73,
Chum,Adult,2011,Coastal,Grays_WF,Grays_WF,Carc tagging,5996,845.44,
Chum,Adult,2012,Coastal,Grays_WF,Grays_WF,Carc tagging,2817,161.59,KB - changed back to M+F
Chum,Adult,2013,Coastal,Grays_WF,Grays_WF,Carc tagging,1857,197.95,
Chum,Adult,2014,Coastal,Grays_WF,Grays_WF,Carc tagging,1145,56.57,
Chum,Adult,2015,Coastal,Grays_WF,Grays_WF,Carc tagging,6297,708.58,
Chum,Adult,2016,Coastal,Grays_WF,Grays_WF,Carc tagging,19023,2495.05,
Chum,Adult,2017,Coastal,Grays_WF,Grays_WF,Carc tagging,1930,278.09,
Chum,Adult,2018,Coastal,Grays_WF,Grays_WF,Carc tagging,2847,182.68,
Chum,Adult,2002,Gorge,Duncan_Creek,Duncan_Channel,NA,NA,NA,
Chum,Adult,2002,Gorge,Duncan_Creek,Duncan_Creek,NA,NA,NA,
Chum,Adult,2002,Gorge,Duncan_Creek,Duncan_Hatchery,NA,NA,NA,
Chum,Adult,2003,Gorge,Duncan_Creek,Duncan_Channel,NA,NA,NA,
Chum,Adult,2003,Gorge,Duncan_Creek,Duncan_Creek,NA,NA,NA,
Chum,Adult,2003,Gorge,Duncan_Creek,Duncan_Hatchery,NA,NA,NA,
Chum,Adult,2004,Gorge,Duncan_Creek,Duncan_Channel,Census,1,NA,
Chum,Adult,2004,Gorge,Duncan_Creek,Duncan_Creek,Census,1,NA,
Chum,Adult,2004,Gorge,Duncan_Creek,Duncan_Hatchery,NA,NA,NA,
Chum,Adult,2005,Gorge,Duncan_Creek,Duncan_Channel,Census,7,NA,
Chum,Adult,2005,Gorge,Duncan_Creek,Duncan_Creek,NA,NA,NA,
Chum,Adult,2005,Gorge,Duncan_Creek,Duncan_Hatchery,NA,NA,NA,
Chum,Adult,2006,Gorge,Duncan_Creek,Duncan_Channel,Census,23,NA,Spent females placed above weir have been censored from this estimate
Chum,Adult,2006,Gorge,Duncan_Creek,Duncan_Creek,NA,NA,NA,
Chum,Adult,2006,Gorge,Duncan_Creek,Duncan_Hatchery,NA,NA,NA,
Chum,Adult,2007,Gorge,Duncan_Creek,Duncan_Channel,Census,8,NA,
Chum,Adult,2007,Gorge,Duncan_Creek,Duncan_Creek,NA,NA,NA,
Chum,Adult,2007,Gorge,Duncan_Creek,Duncan_Hatchery,NA,NA,NA,
Chum,Adult,2008,Gorge,Duncan_Creek,Duncan_Channel,Census,2,NA,
Chum,Adult,2008,Gorge,Duncan_Creek,Duncan_Creek,NA,NA,NA,
Chum,Adult,2008,Gorge,Duncan_Creek,Duncan_Hatchery,NA,NA,NA,
Chum,Adult,2009,Gorge,Duncan_Creek,Duncan_Channel,Census,26,NA,
Chum,Adult,2009,Gorge,Duncan_Creek,Duncan_Creek,NA,NA,NA,
Chum,Adult,2009,Gorge,Duncan_Creek,Duncan_Hatchery,NA,NA,NA,
Chum,Adult,2010,Gorge,Duncan_Creek,Duncan_Channel,Census,50,NA,
Chum,Adult,2010,Gorge,Duncan_Creek,Duncan_Creek,NA,NA,NA,
Chum,Adult,2010,Gorge,Duncan_Creek,Duncan_Hatchery,NA,NA,NA,
Chum,Adult,2011,Gorge,Duncan_Creek,Duncan_Channel,Census,78,NA,
Chum,Adult,2011,Gorge,Duncan_Creek,Duncan_Creek,Census,2,NA,
Chum,Adult,2011,Gorge,Duncan_Creek,Duncan_Hatchery,Census,5,NA,
Chum,Adult,2012,Gorge,Duncan_Creek,Duncan_Channel,Census,4,NA,
Chum,Adult,2012,Gorge,Duncan_Creek,Duncan_Creek,NA,NA,NA,
Chum,Adult,2012,Gorge,Duncan_Creek,Duncan_Hatchery,NA,NA,NA,
Chum,Adult,2013,Gorge,Duncan_Creek,Duncan_Channel,Census,27,NA,
Chum,Adult,2013,Gorge,Duncan_Creek,Duncan_Creek,NA,NA,NA,
Chum,Adult,2013,Gorge,Duncan_Creek,Duncan_Hatchery,NA,NA,NA,
Chum,Adult,2014,Gorge,Duncan_Creek,Duncan_Channel,Census,24,NA,
Chum,Adult,2014,Gorge,Duncan_Creek,Duncan_Creek,NA,NA,NA,
Chum,Adult,2014,Gorge,Duncan_Creek,Duncan_Hatchery,NA,NA,NA,
Chum,Adult,2015,Gorge,Duncan_Creek,Duncan_Channel,Census,151,NA,
Chum,Adult,2015,Gorge,Duncan_Creek,Duncan_Creek,NA,NA,NA,
Chum,Adult,2015,Gorge,Duncan_Creek,Duncan_Hatchery,Census,2,NA,
Chum,Adult,2016,Gorge,Duncan_Creek,Duncan_Channel,Census,206,NA,
Chum,Adult,2016,Gorge,Duncan_Creek,Duncan_Creek,NA,NA,NA,
Chum,Adult,2016,Gorge,Duncan_Creek,Duncan_Hatchery,Census,2,NA,
Chum,Adult,2017,Gorge,Duncan_Creek,Duncan_Channel,Census,7,NA,
Chum,Adult,2017,Gorge,Duncan_Creek,Duncan_Creek,NA,NA,NA,
Chum,Adult,2017,Gorge,Duncan_Creek,Duncan_Hatchery,NA,NA,NA,
Chum,Adult,2018,Gorge,Duncan_Creek,Duncan_Channel,Census,129,NA,
Chum,Adult,2018,Gorge,Duncan_Creek,Duncan_Creek,NA,NA,NA,
Chum,Adult,2018,Gorge,Duncan_Creek,Duncan_Hatchery,NA,NA,NA,
Chum,Adult,2002,Gorge,Hamilton_Channel,Duncan_Channel,NA,NA,NA,
Chum,Adult,2002,Gorge,Hamilton_Channel,Duncan_Hatchery,NA,NA,NA,
Chum,Adult,2002,Gorge,Hamilton_Channel,Hamilton_Channel,NA,NA,NA,
Chum,Adult,2003,Gorge,Hamilton_Channel,Duncan_Channel,NA,NA,NA,
Chum,Adult,2003,Gorge,Hamilton_Channel,Duncan_Hatchery,NA,NA,NA,
Chum,Adult,2003,Gorge,Hamilton_Channel,Hamilton_Channel,Carc tagging,386,11.72,
Chum,Adult,2004,Gorge,Hamilton_Channel,Duncan_Channel,NA,NA,NA,
Chum,Adult,2004,Gorge,Hamilton_Channel,Duncan_Hatchery,NA,NA,NA,
Chum,Adult,2004,Gorge,Hamilton_Channel,Hamilton_Channel,Carc tagging,220,5.57,
Chum,Adult,2005,Gorge,Hamilton_Channel,Duncan_Channel,NA,NA,NA,
Chum,Adult,2005,Gorge,Hamilton_Channel,Duncan_Hatchery,NA,NA,NA,
Chum,Adult,2005,Gorge,Hamilton_Channel,Hamilton_Channel,Carc tagging,88,2.89,
Chum,Adult,2006,Gorge,Hamilton_Channel,Duncan_Channel,NA,NA,NA,
Chum,Adult,2006,Gorge,Hamilton_Channel,Duncan_Hatchery,NA,NA,NA,
Chum,Adult,2006,Gorge,Hamilton_Channel,Hamilton_Channel,Carc tagging,227,3.1,
Chum,Adult,2007,Gorge,Hamilton_Channel,Duncan_Channel,NA,NA,NA,
Chum,Adult,2007,Gorge,Hamilton_Channel,Duncan_Hatchery,NA,NA,NA,
Chum,Adult,2007,Gorge,Hamilton_Channel,Hamilton_Channel,Carc tagging,47,3.86,
Chum,Adult,2008,Gorge,Hamilton_Channel,Duncan_Channel,NA,NA,NA,
Chum,Adult,2008,Gorge,Hamilton_Channel,Duncan_Hatchery,NA,NA,NA,
Chum,Adult,2008,Gorge,Hamilton_Channel,Hamilton_Channel,Carc tagging,114,6.11,
Chum,Adult,2009,Gorge,Hamilton_Channel,Duncan_Channel,NA,NA,NA,
Chum,Adult,2009,Gorge,Hamilton_Channel,Duncan_Hatchery,NA,NA,NA,
Chum,Adult,2009,Gorge,Hamilton_Channel,Hamilton_Channel,Carc tagging,94,2.69,
Chum,Adult,2010,Gorge,Hamilton_Channel,Duncan_Channel,NA,NA,NA,
Chum,Adult,2010,Gorge,Hamilton_Channel,Duncan_Hatchery,NA,NA,NA,
Chum,Adult,2010,Gorge,Hamilton_Channel,Hamilton_Channel,Carc tagging,190,5.39,
Chum,Adult,2011,Gorge,Hamilton_Channel,Duncan_Channel,NA,NA,NA,
Chum,Adult,2011,Gorge,Hamilton_Channel,Duncan_Hatchery,NA,NA,NA,
Chum,Adult,2011,Gorge,Hamilton_Channel,Hamilton_Channel,Carc tagging,325,16.38,KB - bad estimate (carcass wash outs); should we remove estimate here or keep omitting in R?
Chum,Adult,2012,Gorge,Hamilton_Channel,Duncan_Channel,NA,NA,NA,
Chum,Adult,2012,Gorge,Hamilton_Channel,Duncan_Hatchery,NA,NA,NA,
Chum,Adult,2012,Gorge,Hamilton_Channel,Hamilton_Channel,Carc tagging,121,12.56,
Chum,Adult,2013,Gorge,Hamilton_Channel,Duncan_Channel,Census,10,NA,
Chum,Adult,2013,Gorge,Hamilton_Channel,Duncan_Hatchery,Census,2,NA,
Chum,Adult,2013,Gorge,Hamilton_Channel,Hamilton_Channel,Carc tagging,380,8.43,
Chum,Adult,2014,Gorge,Hamilton_Channel,Duncan_Channel,Census,10,NA,
Chum,Adult,2014,Gorge,Hamilton_Channel,Duncan_Hatchery,Census,7,NA,
Chum,Adult,2014,Gorge,Hamilton_Channel,Hamilton_Channel,Carc tagging,665,45.45,
Chum,Adult,2015,Gorge,Hamilton_Channel,Duncan_Channel,Census,2,NA,
Chum,Adult,2015,Gorge,Hamilton_Channel,Duncan_Hatchery,Census,14,NA,
Chum,Adult,2015,Gorge,Hamilton_Channel,Hamilton_Channel,Carc tagging,1397,82.59,
Chum,Adult,2016,Gorge,Hamilton_Channel,Duncan_Channel,Census,6,NA,
Chum,Adult,2016,Gorge,Hamilton_Channel,Duncan_Hatchery,Census,7,NA,
Chum,Adult,2016,Gorge,Hamilton_Channel,Hamilton_Channel,Carc tagging,1252,14.2,KB - changed back to M+F
Chum,Adult,2017,Gorge,Hamilton_Channel,Duncan_Channel,Census,7,NA,
Chum,Adult,2017,Gorge,Hamilton_Channel,Duncan_Hatchery,Census,43,NA,
Chum,Adult,2017,Gorge,Hamilton_Channel,Hamilton_Channel,Carc tagging,692,7.2092,
Chum,Adult,2018,Gorge,Hamilton_Channel,Duncan_Channel,Census,6,NA,
Chum,Adult,2018,Gorge,Hamilton_Channel,Duncan_Hatchery,Census,32,NA,
Chum,Adult,2018,Gorge,Hamilton_Channel,Hamilton_Channel,Carc tagging,1545,73,
Chum,Adult,2002,Gorge,Hamilton_Creek,Hamilton_Creek,NA,NA,NA,
Chum,Adult,2003,Gorge,Hamilton_Creek,Hamilton_Creek,Carc tagging,435,24.58,
Chum,Adult,2004,Gorge,Hamilton_Creek,Hamilton_Creek,Carc tagging,497,64.57,
Chum,Adult,2005,Gorge,Hamilton_Creek,Hamilton_Creek,Carc tagging,178,9.61,
Chum,Adult,2006,Gorge,Hamilton_Creek,Hamilton_Creek,Carc tagging,251,60.73,
Chum,Adult,2007,Gorge,Hamilton_Creek,Hamilton_Creek,Carc tagging,133,40.49,
Chum,Adult,2008,Gorge,Hamilton_Creek,Hamilton_Creek,Carc tagging,118,11.98,
Chum,Adult,2009,Gorge,Hamilton_Creek,Hamilton_Creek,Carc tagging,142,26.18,
Chum,Adult,2010,Gorge,Hamilton_Creek,Hamilton_Creek,Carc tagging,404,77.52,
Chum,Adult,2011,Gorge,Hamilton_Creek,Hamilton_Creek,Carc tagging,542,59.02,
Chum,Adult,2012,Gorge,Hamilton_Creek,Hamilton_Creek,Carc tagging,352,30.01,
Chum,Adult,2013,Gorge,Hamilton_Creek,Hamilton_Creek,Carc tagging,255,62.06,
Chum,Adult,2014,Gorge,Hamilton_Creek,Hamilton_Creek,Carc tagging,260,78.36,
Chum,Adult,2015,Gorge,Hamilton_Creek,Hamilton_Creek,Carc tagging,249,43.6,
Chum,Adult,2016,Gorge,Hamilton_Creek,Hamilton_Creek,Carc tagging,332,37.54,
Chum,Adult,2017,Gorge,Hamilton_Creek,Hamilton_Creek,Carc tagging,162,19.45,
Chum,Adult,2018,Gorge,Hamilton_Creek,Hamilton_Creek,Carc tagging,548,60,
Chum,Adult,2002,Gorge,Hardy_Creek,Hardy_Creek,NA,NA,NA,
Chum,Adult,2003,Gorge,Hardy_Creek,Hardy_Creek,Carc tagging,413,10.82,
Chum,Adult,2004,Gorge,Hardy_Creek,Hardy_Creek,Carc tagging,52,6,
Chum,Adult,2005,Gorge,Hardy_Creek,Hardy_Creek,Carc tagging,74,3.1,
Chum,Adult,2006,Gorge,Hardy_Creek,Hardy_Creek,Carc tagging,109,8.09,
Chum,Adult,2007,Gorge,Hardy_Creek,Hardy_Creek,Carc tagging,12,2.32,
Chum,Adult,2008,Gorge,Hardy_Creek,Hardy_Creek,Min #,3,NA,
Chum,Adult,2009,Gorge,Hardy_Creek,Hardy_Creek,Carc tagging,46,7.31,
Chum,Adult,2010,Gorge,Hardy_Creek,Hardy_Creek,Carc tagging,175,21.07,KB - changed back to M+F (lives & carcs)
Chum,Adult,2011,Gorge,Hardy_Creek,Hardy_Creek,Carc tagging,157,21.81,KB - changed back to M+F (lives & carcs)
Chum,Adult,2012,Gorge,Hardy_Creek,Hardy_Creek,Carc tagging,75,12.34,
Chum,Adult,2013,Gorge,Hardy_Creek,Hardy_Creek,Carc tagging,56,14.58,
Chum,Adult,2014,Gorge,Hardy_Creek,Hardy_Creek,Carc tagging,108,14.58,
Chum,Adult,2015,Gorge,Hardy_Creek,Hardy_Creek,NA,NA,NA,
Chum,Adult,2016,Gorge,Hardy_Creek,Hardy_Creek,Carc tagging,354,150.0938,
Chum,Adult,2017,Gorge,Hardy_Creek,Hardy_Creek,Min #,14,NA,
Chum,Adult,2018,Gorge,Hardy_Creek,Hardy_Creek,Carc tagging,193,75,
Chum,Adult,2002,Gorge,Horsetail,Duncan_Channel,NA,NA,NA,
Chum,Adult,2002,Gorge,Horsetail,Duncan_Hatchery,NA,NA,NA,
Chum,Adult,2002,Gorge,Horsetail,Horsetail,NA,NA,NA,
Chum,Adult,2003,Gorge,Horsetail,Duncan_Channel,NA,NA,NA,
Chum,Adult,2003,Gorge,Horsetail,Duncan_Hatchery,NA,NA,NA,
Chum,Adult,2003,Gorge,Horsetail,Horsetail,NA,NA,NA,
Chum,Adult,2004,Gorge,Horsetail,Duncan_Channel,Census,1,NA,
Chum,Adult,2004,Gorge,Horsetail,Duncan_Hatchery,NA,NA,NA,
Chum,Adult,2004,Gorge,Horsetail,Horsetail,Live tagging,114,16.61,KB - changed back to M+F (minus removals)
Chum,Adult,2005,Gorge,Horsetail,Duncan_Channel,Census,1,NA,
Chum,Adult,2005,Gorge,Horsetail,Duncan_Hatchery,NA,NA,NA,
Chum,Adult,2005,Gorge,Horsetail,Horsetail,Min #,12,NA,
Chum,Adult,2006,Gorge,Horsetail,Duncan_Channel,NA,NA,NA,
Chum,Adult,2006,Gorge,Horsetail,Duncan_Hatchery,NA,NA,NA,
Chum,Adult,2006,Gorge,Horsetail,Horsetail,Live tagging,65,18.58,
Chum,Adult,2007,Gorge,Horsetail,Duncan_Channel,NA,NA,NA,
Chum,Adult,2007,Gorge,Horsetail,Duncan_Hatchery,NA,NA,NA,
Chum,Adult,2007,Gorge,Horsetail,Horsetail,Live tagging,25,8.94,
Chum,Adult,2008,Gorge,Horsetail,Duncan_Channel,Census,4,NA,
Chum,Adult,2008,Gorge,Horsetail,Duncan_Hatchery,NA,NA,NA,
Chum,Adult,2008,Gorge,Horsetail,Horsetail,Live tagging,32,6.03,
Chum,Adult,2009,Gorge,Horsetail,Duncan_Channel,NA,NA,NA,
Chum,Adult,2009,Gorge,Horsetail,Duncan_Hatchery,NA,NA,NA,
Chum,Adult,2009,Gorge,Horsetail,Horsetail,Min #,6,NA,
Chum,Adult,2010,Gorge,Horsetail,Duncan_Channel,Census,1,NA,
Chum,Adult,2010,Gorge,Horsetail,Duncan_Hatchery,Census,1,NA,
Chum,Adult,2010,Gorge,Horsetail,Horsetail,Live tagging,52,9.43,
Chum,Adult,2011,Gorge,Horsetail,Duncan_Channel,Census,7,NA,
Chum,Adult,2011,Gorge,Horsetail,Duncan_Hatchery,NA,NA,NA,
Chum,Adult,2011,Gorge,Horsetail,Horsetail,Live tagging,112,19.11,
Chum,Adult,2012,Gorge,Horsetail,Duncan_Channel,Census,6,NA,
Chum,Adult,2012,Gorge,Horsetail,Duncan_Hatchery,Census,8,NA,
Chum,Adult,2012,Gorge,Horsetail,Horsetail,Live tagging,78,20.33,
Chum,Adult,2013,Gorge,Horsetail,Duncan_Channel,Census,2,NA,
Chum,Adult,2013,Gorge,Horsetail,Duncan_Hatchery,Census,2,NA,
Chum,Adult,2013,Gorge,Horsetail,Horsetail,Live tagging,55,14.69,
Chum,Adult,2014,Gorge,Horsetail,Duncan_Channel,NA,NA,NA,
Chum,Adult,2014,Gorge,Horsetail,Duncan_Hatchery,Census,4,NA,
Chum,Adult,2014,Gorge,Horsetail,Horsetail,Live tagging,71,13.62,
Chum,Adult,2015,Gorge,Horsetail,Duncan_Channel,Census,6,NA,
Chum,Adult,2015,Gorge,Horsetail,Duncan_Hatchery,Census,16,NA,
Chum,Adult,2015,Gorge,Horsetail,Horsetail,Live tagging,500,73.77,
Chum,Adult,2016,Gorge,Horsetail,Duncan_Channel,Census,10,NA,
Chum,Adult,2016,Gorge,Horsetail,Duncan_Hatchery,Census,19,NA,
Chum,Adult,2016,Gorge,Horsetail,Horsetail,Live tagging,627,71.13,KB - changed back to M+F (minus removals)
Chum,Adult,2017,Gorge,Horsetail,Duncan_Channel,Census,7,NA,
Chum,Adult,2017,Gorge,Horsetail,Duncan_Hatchery,Census,2,NA,
Chum,Adult,2017,Gorge,Horsetail,Horsetail,Live tagging,47,13.07,
Chum,Adult,2018,Gorge,Horsetail,Duncan_Channel,Census,4,NA,
Chum,Adult,2018,Gorge,Horsetail,Duncan_Hatchery,Census,4,NA,
Chum,Adult,2018,Gorge,Horsetail,Horsetail,Live tagging,312,44.41,
Chum,Adult,2002,Gorge,Ives,Duncan_Channel,Census,50,NA,
Chum,Adult,2002,Gorge,Ives,Duncan_Hatchery,Census,169,NA,
Chum,Adult,2002,Gorge,Ives,Ives,Carc tagging,4110,68.46,
Chum,Adult,2003,Gorge,Ives,Duncan_Channel,Census,15,NA,
Chum,Adult,2003,Gorge,Ives,Duncan_Hatchery,Census,29,NA,
Chum,Adult,2003,Gorge,Ives,Ives,Carc tagging,767,99.65,
Chum,Adult,2004,Gorge,Ives,Duncan_Channel,Census,27,NA,
Chum,Adult,2004,Gorge,Ives,Duncan_Hatchery,NA,NA,NA,
Chum,Adult,2004,Gorge,Ives,Ives,Carc tagging,331,64.04,
Chum,Adult,2005,Gorge,Ives,Duncan_Channel,Census,28,NA,
Chum,Adult,2005,Gorge,Ives,Duncan_Hatchery,Census,6,NA,
Chum,Adult,2005,Gorge,Ives,Ives,Carc tagging,255,32.47,
Chum,Adult,2006,Gorge,Ives,Duncan_Channel,Census,22,NA,
Chum,Adult,2006,Gorge,Ives,Duncan_Hatchery,Census,17,NA,
Chum,Adult,2006,Gorge,Ives,Ives,Carc tagging,427,79.51,
Chum,Adult,2007,Gorge,Ives,Duncan_Channel,Census,27,NA,
Chum,Adult,2007,Gorge,Ives,Duncan_Hatchery,NA,NA,NA,
Chum,Adult,2007,Gorge,Ives,Ives,Carc tagging,105,51.28,
Chum,Adult,2008,Gorge,Ives,Duncan_Channel,Census,34,NA,
Chum,Adult,2008,Gorge,Ives,Duncan_Hatchery,NA,NA,NA,
Chum,Adult,2008,Gorge,Ives,Ives,Carc tagging,262,50.86,
Chum,Adult,2009,Gorge,Ives,Duncan_Channel,Census,21,NA,
Chum,Adult,2009,Gorge,Ives,Duncan_Hatchery,Census,12,NA,
Chum,Adult,2009,Gorge,Ives,Ives,Carc tagging,138,29.63,
Chum,Adult,2010,Gorge,Ives,Duncan_Channel,Census,23,NA,
Chum,Adult,2010,Gorge,Ives,Duncan_Hatchery,Census,35,NA,
Chum,Adult,2010,Gorge,Ives,Ives,Carc tagging,714,335.7,KB - 714 is carc estimate but 1198 (1212 - 58??) is live propotional est
Chum,Adult,2011,Gorge,Ives,Duncan_Channel,Census,47,NA,
Chum,Adult,2011,Gorge,Ives,Duncan_Hatchery,Census,36,NA,
Chum,Adult,2011,Gorge,Ives,Ives,Proportional,956,NA,
Chum,Adult,2012,Gorge,Ives,Duncan_Channel,Census,33,NA,
Chum,Adult,2012,Gorge,Ives,Duncan_Hatchery,Census,37,NA,
Chum,Adult,2012,Gorge,Ives,Ives,Proportional,1063,NA,
Chum,Adult,2013,Gorge,Ives,Duncan_Channel,Census,41,NA,
Chum,Adult,2013,Gorge,Ives,Duncan_Hatchery,Census,24,NA,
Chum,Adult,2013,Gorge,Ives,Ives,Proportional,483,NA,
Chum,Adult,2014,Gorge,Ives,Duncan_Channel,Census,48,NA,
Chum,Adult,2014,Gorge,Ives,Duncan_Hatchery,Census,42,NA,
Chum,Adult,2014,Gorge,Ives,Ives,Proportional,809,NA,
Chum,Adult,2015,Gorge,Ives,Duncan_Channel,Census,14,NA,
Chum,Adult,2015,Gorge,Ives,Duncan_Hatchery,Census,21,NA,
Chum,Adult,2015,Gorge,Ives,Ives,Proportional,1307,NA,
Chum,Adult,2016,Gorge,Ives,Duncan_Channel,Census,24,NA,
Chum,Adult,2016,Gorge,Ives,Duncan_Hatchery,Census,48,NA,
Chum,Adult,2016,Gorge,Ives,Ives,Proportional,1911,NA,
Chum,Adult,2017,Gorge,Ives,Duncan_Channel,Census,28,NA,
Chum,Adult,2017,Gorge,Ives,Duncan_Hatchery,Census,26,NA,
Chum,Adult,2017,Gorge,Ives,Ives,Proportional,347,NA,
Chum,Adult,2018,Gorge,Ives,Duncan_Channel,Census,45,NA,
Chum,Adult,2018,Gorge,Ives,Duncan_Hatchery,Census,40,NA,
Chum,Adult,2018,Gorge,Ives,Ives,Proportional,1639,NA,
Chum,Adult,2002,Gorge,Multnomah,Duncan_Channel,NA,NA,NA,
Chum,Adult,2002,Gorge,Multnomah,Duncan_Hatchery,NA,NA,NA,
Chum,Adult,2002,Gorge,Multnomah,Multnomah,Live tagging,1627,301.17,
Chum,Adult,2003,Gorge,Multnomah,Duncan_Channel,Census,18,NA,
Chum,Adult,2003,Gorge,Multnomah,Duncan_Hatchery,Census,25,NA,
Chum,Adult,2003,Gorge,Multnomah,Multnomah,Live tagging,1131,65.66,
Chum,Adult,2004,Gorge,Multnomah,Duncan_Channel,Census,29,NA,
Chum,Adult,2004,Gorge,Multnomah,Duncan_Hatchery,NA,NA,NA,
Chum,Adult,2004,Gorge,Multnomah,Multnomah,Live tagging,704,47.53,
Chum,Adult,2005,Gorge,Multnomah,Duncan_Channel,Census,9,NA,
Chum,Adult,2005,Gorge,Multnomah,Duncan_Hatchery,Census,13,NA,
Chum,Adult,2005,Gorge,Multnomah,Multnomah,Live tagging,192,20.85,
Chum,Adult,2006,Gorge,Multnomah,Duncan_Channel,Census,7,NA,
Chum,Adult,2006,Gorge,Multnomah,Duncan_Hatchery,Census,21,NA,
Chum,Adult,2006,Gorge,Multnomah,Multnomah,Live tagging,293,28.49,
Chum,Adult,2007,Gorge,Multnomah,Duncan_Channel,Census,3,NA,
Chum,Adult,2007,Gorge,Multnomah,Duncan_Hatchery,NA,NA,NA,
Chum,Adult,2007,Gorge,Multnomah,Multnomah,Live tagging,145,41.07,
Chum,Adult,2008,Gorge,Multnomah,Duncan_Channel,Census,2,NA,
Chum,Adult,2008,Gorge,Multnomah,Duncan_Hatchery,NA,NA,NA,
Chum,Adult,2008,Gorge,Multnomah,Multnomah,Live tagging,29,12.26,
Chum,Adult,2009,Gorge,Multnomah,Duncan_Channel,Census,3,NA,
Chum,Adult,2009,Gorge,Multnomah,Duncan_Hatchery,Census,10,NA,
Chum,Adult,2009,Gorge,Multnomah,Multnomah,Live tagging,93,21.06,
Chum,Adult,2010,Gorge,Multnomah,Duncan_Channel,Census,2,NA,
Chum,Adult,2010,Gorge,Multnomah,Duncan_Hatchery,Census,4,NA,
Chum,Adult,2010,Gorge,Multnomah,Multnomah,Live tagging,452,45.72,
Chum,Adult,2011,Gorge,Multnomah,Duncan_Channel,Census,13,NA,
Chum,Adult,2011,Gorge,Multnomah,Duncan_Hatchery,Census,13,NA,
Chum,Adult,2011,Gorge,Multnomah,Multnomah,Live tagging,621,46.82,
Chum,Adult,2012,Gorge,Multnomah,Duncan_Channel,Census,7,NA,
Chum,Adult,2012,Gorge,Multnomah,Duncan_Hatchery,Census,6,NA,
Chum,Adult,2012,Gorge,Multnomah,Multnomah,Live tagging,107,18.53,
Chum,Adult,2013,Gorge,Multnomah,Duncan_Channel,Census,5,NA,
Chum,Adult,2013,Gorge,Multnomah,Duncan_Hatchery,Census,16,NA,
Chum,Adult,2013,Gorge,Multnomah,Multnomah,Live tagging,201,22.97,
Chum,Adult,2014,Gorge,Multnomah,Duncan_Channel,Census,11,NA,
Chum,Adult,2014,Gorge,Multnomah,Duncan_Hatchery,Census,24,NA,
Chum,Adult,2014,Gorge,Multnomah,Multnomah,Live tagging,299,26.73,
Chum,Adult,2015,Gorge,Multnomah,Duncan_Channel,Census,8,NA,
Chum,Adult,2015,Gorge,Multnomah,Duncan_Hatchery,Census,16,NA,
Chum,Adult,2015,Gorge,Multnomah,Multnomah,Live tagging,1118,70.5,
Chum,Adult,2016,Gorge,Multnomah,Duncan_Channel,Census,22,NA,
Chum,Adult,2016,Gorge,Multnomah,Duncan_Hatchery,Census,20,NA,
Chum,Adult,2016,Gorge,Multnomah,Multnomah,Live tagging,1120,92.98,
Chum,Adult,2017,Gorge,Multnomah,Duncan_Channel,Census,15,NA,
Chum,Adult,2017,Gorge,Multnomah,Duncan_Hatchery,Census,5,NA,
Chum,Adult,2017,Gorge,Multnomah,Multnomah,Live tagging,73,19.1,
Chum,Adult,2018,Gorge,Multnomah,Duncan_Channel,Census,6,NA,
Chum,Adult,2018,Gorge,Multnomah,Duncan_Hatchery,Census,20,NA,
Chum,Adult,2018,Gorge,Multnomah,Multnomah,Live tagging,368,42.69,
Chum,Adult,2002,Gorge,St_Cloud,Duncan_Channel,NA,NA,NA,
Chum,Adult,2002,Gorge,St_Cloud,Duncan_Hatchery,NA,NA,NA,
Chum,Adult,2002,Gorge,St_Cloud,St_Cloud,Min #,2,NA,
Chum,Adult,2003,Gorge,St_Cloud,Duncan_Channel,Census,21,NA,
Chum,Adult,2003,Gorge,St_Cloud,Duncan_Hatchery,Census,20,NA,
Chum,Adult,2003,Gorge,St_Cloud,St_Cloud,Live tagging,179,35.25,
Chum,Adult,2004,Gorge,St_Cloud,Duncan_Channel,Census,11,NA,
Chum,Adult,2004,Gorge,St_Cloud,Duncan_Hatchery,NA,NA,NA,
Chum,Adult,2004,Gorge,St_Cloud,St_Cloud,Live tagging,115,14.46,
Chum,Adult,2005,Gorge,St_Cloud,Duncan_Channel,Census,1,NA,
Chum,Adult,2005,Gorge,St_Cloud,Duncan_Hatchery,Census,1,NA,
Chum,Adult,2005,Gorge,St_Cloud,St_Cloud,Live tagging,95,35.2,
Chum,Adult,2006,Gorge,St_Cloud,Duncan_Channel,Census,2,NA,
Chum,Adult,2006,Gorge,St_Cloud,Duncan_Hatchery,Census,18,NA,
Chum,Adult,2006,Gorge,St_Cloud,St_Cloud,Live tagging,160,21.14,
Chum,Adult,2007,Gorge,St_Cloud,Duncan_Channel,NA,NA,NA,
Chum,Adult,2007,Gorge,St_Cloud,Duncan_Hatchery,NA,NA,NA,
Chum,Adult,2007,Gorge,St_Cloud,St_Cloud,Min #,3,NA,
Chum,Adult,2008,Gorge,St_Cloud,Duncan_Channel,NA,NA,NA,
Chum,Adult,2008,Gorge,St_Cloud,Duncan_Hatchery,NA,NA,NA,
Chum,Adult,2008,Gorge,St_Cloud,St_Cloud,Min #,1,NA,
Chum,Adult,2009,Gorge,St_Cloud,Duncan_Channel,Census,1,NA,
Chum,Adult,2009,Gorge,St_Cloud,Duncan_Hatchery,NA,NA,NA,
Chum,Adult,2009,Gorge,St_Cloud,St_Cloud,Live tagging,28,13.66,
Chum,Adult,2010,Gorge,St_Cloud,Duncan_Channel,NA,NA,NA,
Chum,Adult,2010,Gorge,St_Cloud,Duncan_Hatchery,NA,NA,NA,
Chum,Adult,2010,Gorge,St_Cloud,St_Cloud,Live tagging,125,40.79,
Chum,Adult,2011,Gorge,St_Cloud,Duncan_Channel,Census,3,NA,
Chum,Adult,2011,Gorge,St_Cloud,Duncan_Hatchery,Census,11,NA,
Chum,Adult,2011,Gorge,St_Cloud,St_Cloud,Live tagging,329,55.19,
Chum,Adult,2012,Gorge,St_Cloud,Duncan_Channel,NA,NA,NA,
Chum,Adult,2012,Gorge,St_Cloud,Duncan_Hatchery,NA,NA,NA,
Chum,Adult,2012,Gorge,St_Cloud,St_Cloud,NA,NA,NA,
Chum,Adult,2013,Gorge,St_Cloud,Duncan_Channel,Census,3,NA,
Chum,Adult,2013,Gorge,St_Cloud,Duncan_Hatchery,Census,4,NA,
Chum,Adult,2013,Gorge,St_Cloud,St_Cloud,Live tagging,77,17.83,
Chum,Adult,2014,Gorge,St_Cloud,Duncan_Channel,Census,3,NA,
Chum,Adult,2014,Gorge,St_Cloud,Duncan_Hatchery,Census,3,NA,
Chum,Adult,2014,Gorge,St_Cloud,St_Cloud,Live tagging,79,15.82,
Chum,Adult,2015,Gorge,St_Cloud,Duncan_Channel,Census,1,NA,
Chum,Adult,2015,Gorge,St_Cloud,Duncan_Hatchery,NA,NA,NA,
Chum,Adult,2015,Gorge,St_Cloud,St_Cloud,Live tagging,343,31.28,
Chum,Adult,2016,Gorge,St_Cloud,Duncan_Channel,NA,NA,NA,
Chum,Adult,2016,Gorge,St_Cloud,Duncan_Hatchery,Census,3,NA,
Chum,Adult,2016,Gorge,St_Cloud,St_Cloud,Live tagging,239,30.25,
Chum,Adult,2017,Gorge,St_Cloud,Duncan_Channel,Census,11,NA,
Chum,Adult,2017,Gorge,St_Cloud,Duncan_Hatchery,Census,4,NA,
Chum,Adult,2017,Gorge,St_Cloud,St_Cloud,Live tagging,88,27.91,
Chum,Adult,2018,Gorge,St_Cloud,Duncan_Channel,Census,2,NA,
Chum,Adult,2018,Gorge,St_Cloud,Duncan_Hatchery,Census,0,NA,
Chum,Adult,2018,Gorge,St_Cloud,St_Cloud,Live tagging,121,181.25,
Chum,Adult,2019,Cascade,I205,Duncan_Channel,Census,0,NA,
Chum,Adult,2019,Cascade,I205,I205,Live tagging,1339,30.81,
Chum,Adult,2019,Cascade,I205,Lewis_Hatchery,Census,82,NA,
Chum,Adult,2019,Coastal,Grays_CJ,Grays_CJ,Carc tagging,72,123.11,
Chum,Adult,2019,Coastal,Grays_MS,Grays_Hatchery,Census,222,NA,
Chum,Adult,2019,Coastal,Grays_MS,Grays_MS,Carc tagging,3990,469.41,
Chum,Adult,2019,Coastal,Grays_WF,Grays_WF,Carc tagging,3406,458.38,
Chum,Adult,2019,Gorge,Duncan_Creek,Duncan_Channel,Census,76,NA,
Chum,Adult,2019,Gorge,Duncan_Creek,Duncan_Creek,Census,0,NA,
Chum,Adult,2019,Gorge,Duncan_Creek,Duncan_Hatchery,Census,0,NA,
Chum,Adult,2019,Gorge,Hamilton_Channel,Duncan_Channel,Census,8,NA,
Chum,Adult,2019,Gorge,Hamilton_Channel,Duncan_Hatchery,Census,0,NA,
Chum,Adult,2019,Gorge,Hamilton_Channel,Hamilton_Channel,Carc tagging,333,8.19,
Chum,Adult,2019,Gorge,Hamilton_Creek,Hamilton_Creek,Carc tagging,1367,66.95,
Chum,Adult,2019,Gorge,Hardy_Creek,Hardy_Creek,Carc tagging,64,11.98,
Chum,Adult,2019,Gorge,Horsetail,Duncan_Channel,Census,4,NA,
Chum,Adult,2019,Gorge,Horsetail,Duncan_Hatchery,Census,17,NA,
Chum,Adult,2019,Gorge,Horsetail,Horsetail,Live tagging,192,17.24,
Chum,Adult,2019,Gorge,Ives,Duncan_Channel,Census,12,NA,
Chum,Adult,2019,Gorge,Ives,Duncan_Hatchery,Census,79,NA,
Chum,Adult,2019,Gorge,Ives,Ives,Proportional,2940,NA,
Chum,Adult,2019,Gorge,Multnomah,Duncan_Channel,Census,6,NA,
Chum,Adult,2019,Gorge,Multnomah,Duncan_Hatchery,Census,0,NA,
Chum,Adult,2019,Gorge,Multnomah,Multnomah,Live tagging,464,59.19,
Chum,Adult,2019,Gorge,St_Cloud,Duncan_Channel,Census,0,NA,
Chum,Adult,2019,Gorge,St_Cloud,Duncan_Hatchery,Census,0,NA,
Chum,Adult,2019,Gorge,St_Cloud,St_Cloud,Live tagging,89,110.81,
