Stock,BY,Female #,Age,Reproductive Effort,Estimated Fecundity ,L95%,U95%,Green egg avg weight,Comments
Lower Gorge,2001,F-1,3,14.3,2467,2508,2426,0.1690,
Lower Gorge,2001,F-2,4,9.1,1302,1311,1293,0.2700,
Lower Gorge,2001,F-3,4,15.4,2555,2582,2528,0.2920,
Lower Gorge,2001,F-4,4,14.8,1830,1863,1797,0.2650,
Lower Gorge,2001,F-5,3,19.0,2774,2871,2677,0.2550,
Lower Gorge,2001,F-6,4,19.8,2515,2531,2499,0.2750,
Lower Gorge,2001,F-7,4,20.2,2339,2425,2253,0.2700,
Lower Gorge,2001,F-8,3,19.8,2593,2632,2554,0.2390,
Lower Gorge,2001,F-9,3,20.9,2964,2982,2946,0.2460,
Lower Gorge,2001,F-10,3,18.8,2434,2476,2392,0.2360,
Lower Gorge,2001,F-11,3,18.8,2841,2867,2815,0.2250,
Lower Gorge,2001,F-12,3,17.8,2750,2797,2703,0.2150,
Lower Gorge,2001,F-13,3,20.5,2905,2962,2848,0.2160,
Lower Gorge,2001,F-14,3,19.9,2905,2932,2878,0.2440,
Lower Gorge,2001,F-15,3,19.9,2612,2623,2601,0.2160,
Lower Gorge,2001,F-16,4,20.1,3039,3069,3009,0.2710,
Lower Gorge,2001,F-17,3,20.2,2688,2711,2665,0.2280,
Lower Gorge,2001,F-18,4,17.7,2244,2265,2223,0.2630,
Lower Gorge,2001,F-19,4,21.7,3077,3094,3060,0.2450,
Lower Gorge,2001,F-20,4,21.7,2605,2614,2596,0.2650,
Lower Gorge,2001,F-21,4,11.7,1626,1691,1561,0.2650,
Lower Gorge,2001,F-22,4,17.9,1613,1625,1601,0.2750,
Lower Gorge,2001,F-23,4,21.0,2943,NA,NA,0.2710,all eggs dead when picked
Lower Gorge,2002,F-1,4,17.3,3046,3078,3014,0.3020,
Lower Gorge,2002,F-2,4,13.1,3114,3114,3114,0.2970,
Lower Gorge,2002,F-3,4,18.7,2894,2924,2864,0.3570,
Lower Gorge,2002,F-4,4,10.4,1647,1703,1591,0.2670,
Lower Gorge,2002,F-5,4,16.4,3138,3193,3083,0.3120,
Lower Gorge,2002,F-6,4,20.5,2602,2640,2564,0.2710,
Lower Gorge,2002,F-7,4,15.1,2717,2735,2699,0.2650,
Lower Gorge,2002,F-8,4,14.7,3170,3274,3066,0.2650,
Lower Gorge,2002,F-9,4,19.7,3632,3647,3617,0.2860,
Lower Gorge,2002,F-10,4,18.2,3840,3857,3823,0.2880,
Lower Gorge,2002,F-11,4,16.9,3227,3260,3194,0.2880,
Lower Gorge,2002,F-12,4,14.5,2402,2411,2393,0.2390,
Lower Gorge,2002,F-13,4,18.5,3773,3799,3747,0.2790,
Lower Gorge,2002,F-14,4,21.1,3295,3311,3279,0.2700,
Lower Gorge,2002,F-15,3,18.3,2841,2866,2816,0.2170,
Lower Gorge,2002,F-16,4,17.1,2935,3029,2841,0.2560,
Lower Gorge,2002,F-17,3,20.8,2735,2755,2715,0.2550,
Lower Gorge,2002,F-18,4,16.5,3623,3686,3560,0.2700,
Lower Gorge,2002,F-19,4,19.0,3673,3701,3645,0.3000,
Lower Gorge,2002,F-20,4,18.5,3774,3794,3754,0.2400,
Lower Gorge,2002,F-21,4,17.5,2906,2927,2885,0.2240,
Lower Gorge,2002,F-22,4,20.0,3564,3590,3538,0.2390,
Lower Gorge,2002,F-23,4,11.6,2367,2385,2349,0.2430,
Lower Gorge,2002,F-24,3,5.7,591,593,589,0.2430,
Lower Gorge,2002,F-25,3,18.6,3166,3189,3143,0.2480,
Lower Gorge,2002,F-26,4,18.5,3243,3271,3215,0.2830,
Lower Gorge,2002,F-27,4,20.0,2434,2443,2425,0.2480,
Lower Gorge,2002,F-28,4,19.7,3444,3465,3423,0.2850,
Lower Gorge,2002,F-29,5,14.1,1992,2006,1978,0.3240,
Lower Gorge,2002,F-30,4,17.7,2679,2696,2662,0.2640,
Lower Gorge,2002,F-31,4,16.5,2998,3020,2976,0.2610,
Lower Gorge,2002,F-32,4,14.8,2521,2531,2511,0.2790,
Lower Gorge,2002,F-33,3,15.7,2985,3063,2907,0.2610,
Lower Gorge,2002,F-34,3,15.0,2097,2140,2054,0.2170,
Lower Gorge,2002,F-35,3,22.7,2323,2336,2310,0.2210,
Lower Gorge,2002,F-36,4,14.3,3527,3562,3492,0.2410,
Lower Gorge,2002,F-37,3,24.5,2824,2844,2804,0.2460,
Lower Gorge,2002,F-38,3,17.0,2818,2852,2784,0.2250,
Lower Gorge,2002,F-39,3,16.5,3449,3496,3402,0.2140,
Lower Gorge,2002,F-40,3,17.2,3088,3103,3073,0.2350,
Lower Gorge,2002,F-41,3,14.7,2067,2075,2059,0.2280,
Lower Gorge,2002,F-42,4,15.9,3033,3073,2993,0.2880,
Lower Gorge,2002,F-43,4,14.6,2481,2500,2462,0.3200,
Lower Gorge,2002,F-44,4,19.6,2891,2933,2849,0.3000,
Lower Gorge,2002,F-45,3,17.1,2836,2847,2825,0.2330,
Lower Gorge,2002,F-46,3,15.2,2863,2887,2839,0.2270,
Lower Gorge,2002,F-47,4,15.9,3501,3526,3476,0.2730,
Lower Gorge,2002,F-48,4,7.8,1322,1337,1307,0.2540,
Lower Gorge,2002,F-49,3,19.7,2631,2646,2616,0.2380,
Lower Gorge,2002,F-50,3,21.3,3643,3668,3618,0.2300,
Lower Gorge,2002,F-51,4,19.7,3099,3114,3084,0.2770,
Lower Gorge,2002,F-52,5,18.5,3166,3196,3136,0.3150,
Lower Gorge,2002,F-53,3,16.1,1995,2002,1988,0.2370,
Lower Gorge,2002,F-54,4,17.6,2876,2916,2836,0.2560,
Lower Gorge,2002,F-55,4,18.1,3153,3160,3146,0.2720,
Lower Gorge,2002,F-56,4,17.4,3073,3254,2892,0.2790,
Lower Gorge,2002,F-57,3,18.3,3310,3342,3278,0.2040,
Lower Gorge,2002,F-58,4,16.2,2728,2758,2698,0.2390,
Lower Gorge,2002,F-59,4,20.4,3073,3104,3042,0.2480,
Lower Gorge,2002,F-60,4,17.7,2539,2557,2521,0.3280,
Lower Gorge,2002,F-61,3,16.9,2641,2646,2636,0.2590,
Lower Gorge,2002,F-62,3,20.6,1844,1852,1836,0.2380,
Lower Gorge,2002,F-63,4,19.9,2872,2890,2854,0.2740,
Lower Gorge,2002,F-64,3,18.4,2369,2386,2352,0.2420,
Lower Gorge,2002,F-65,88,16.1,2841,2862,2820,0.2860,
Lower Gorge,2002,F-66,4,18.0,2694,2711,2677,0.2580,
Lower Gorge,2002,F-67,3,12.2,1491,1502,1480,0.2590,
Lower Gorge,2002,F-68,3,15.4,2259,2271,2247,0.2260,
Lower Gorge,2002,F-69,4,20.5,2228,2252,2204,0.2540,
Lower Gorge,2002,F-70,4,14.4,2584,2597,2571,0.2700,
Lower Gorge,2002,F-71,4,19.4,3001,3017,2985,0.3080,
Lower Gorge,2002,F-72,4,16.8,3071,3086,3056,0.2960,
Lower Gorge,2002,F-73,4,18.0,3355,3370,3340,0.2430,
Lower Gorge,2002,F-74,4,13.3,1896,1934,1858,0.2780,
Lower Gorge,2002,F-75,4,15.5,2654,2673,2635,0.2950,
Lower Gorge,2002,F-76,4,17.2,3395,3409,3381,0.2740,
Lower Gorge,2002,F-77,4,8.9,1696,1711,1681,0.2520,
Lower Gorge,2002,F-78,3,15.1,2569,2776,2362,0.2580,
Lower Gorge,2002,F-79,4,11.6,2122,2132,2112,0.2730,
Lower Gorge,2002,F-80,4,15.8,2827,2855,2799,0.2480,
Lower Gorge,2002,F-81,3,11.7,1204,1217,1191,0.2500,
Lower Gorge,2002,F-82,3,9.6,1473,1489,1457,0.2130,
Lower Gorge,2002,F-83,4,NA,NA,NA,NA,NA,green female
Lower Gorge,2002,F-84,3,18.3,2556,2581,2531,0.2300,
Lower Gorge,2003,F-1,4,10.0,1764,1770,1758,0.3260,
Lower Gorge,2003,F-2,4,18.8,3154,3183,3125,0.3670,
Lower Gorge,2003,F-3,4,13.3,2279,2403,2155,0.3070,
Lower Gorge,2003,F-4,4,NA,NA,NA,NA,NA,green female
Lower Gorge,2003,F-5,4,14.7,2868,2919,2817,0.2860,
Lower Gorge,2003,F-6,4,16.3,3375,3407,3343,0.3290,
Lower Gorge,2003,F-7,3,18.3,2510,2582,2438,0.2850,
Lower Gorge,2003,F-8,4,19.1,2728,2824,2632,0.3330,
Lower Gorge,2003,F-9,4,21.2,2215,2261,2169,0.3020,
Lower Gorge,2003,F-10,4,12.4,1694,1773,1615,0.2650,
Lower Gorge,2003,F-11,4,18.9,3448,3478,3418,0.2670,
Lower Gorge,2003,F-12,4,10.4,1879,1891,1867,0.3420,
Lower Gorge,2003,F-13,4,15.5,2025,2046,2005,0.3320,
Lower Gorge,2003,F-14,4,13.2,1796,1825,1767,0.3120,
Lower Gorge,2003,F-15,3,17.8,3552,3577,3527,0.2930,
Lower Gorge,2003,F-16,4,12.1,2219,2284,2154,0.3230,
Lower Gorge,2003,F-17,4,17.0,2966,2988,2944,0.2320,
Lower Gorge,2003,F-18,3,15.0,1638,1750,1526,0.2630,
Lower Gorge,2003,F-19,4,12.6,1717,1750,1684,0.2940,
Lower Gorge,2003,F-20,4,16.4,2053,2081,2025,0.2450,
Lower Gorge,2003,F-21,4,14.8,2805,2839,2771,0.3010,
Lower Gorge,2003,F-22,3,17.0,2026,2044,2008,0.2530,
Lower Gorge,2003,F-23,4,8.8,1407,1448,1366,0.2450,
Lower Gorge,2003,F-24,4,16.7,2457,2469,2445,0.2450,
Lower Gorge,2003,F-25,4,11.9,1818,1859,1777,0.2900,
Lower Gorge,2003,F-26,3,17.3,2056,2187,1925,0.2490,
Lower Gorge,2003,F-27,4,15.4,2247,2332,2162,0.3640,
Lower Gorge,2003,F-28,4,15.9,2365,2431,2299,0.2150,
Lower Gorge,2003,F-29,4,15.8,2975,3014,2936,0.3090,
Lower Gorge,2003,F-30,4,10.6,2292,2318,2266,0.2090,
Lower Gorge,2003,F-31,4,19.4,4662,4735,4589,0.2930,
Lower Gorge,2003,F-32,4,16.0,3221,3266,3176,0.3390,
Lower Gorge,2003,F-33,5,17.5,3567,3594,3540,0.3450,
Lower Gorge,2003,F-34,4,14.2,1924,1952,1896,0.2830,
Lower Gorge,2003,F-35,3,18.7,2823,2842,2804,0.2780,
Lower Gorge,2003,F-36,4,15.7,2961,2995,2927,0.2800,
Lower Gorge,2005,F-1,5,14.5,2840,2854,2826,0.3340,
Lower Gorge,2005,F-2,4,18.2,3059,3069,3049,0.3160,
Lower Gorge,2005,F-3,88,16.5,3178,3490,2866,0.2590,
Lower Gorge,2005,F-4,3,21.4,3766,4040,3492,0.2550,
Lower Gorge,2005,F-5,5,10.5,1122,1139,1105,0.4180,
Lower Gorge,2005,F-6,4,20.7,3640,3665,3615,0.2660,
Lower Gorge,2005,F-7,4,16.5,1708,1717,1699,0.3200,
Lower Gorge,2005,F-8,4,14.4,2608,2646,2570,0.3210,
Lower Gorge,2005,F-9,4,12.0,2588,2608,2568,0.3530,
Lower Gorge,2006,F-1,88,NA,2518,2917,2119,0.3260,
Lower Gorge,2006,F-2,4,12.7,2381,2431,2331,0.2950,
Lower Gorge,2006,F-3,4,16.5,2731,2781,2681,0.2920,
Lower Gorge,2006,F-4,4,18.3,2844,2903,2785,0.2930,
Lower Gorge,2006,F-5,4,18.6,2909,2998,2820,0.2440,
Lower Gorge,2006,F-6,4,14.8,2886,3008,2764,0.2930,
Lower Gorge,2006,F-7,4,17.6,2922,3008,2836,0.2770,
Lower Gorge,2006,F-8,4,14.6,2147,2220,2074,0.2720,
Lower Gorge,2006,F-9,4,15.7,1899,2019,1779,0.2860,
Lower Gorge,2006,F-10,4,NA,2016,2096,1936,NA,
Lower Gorge,2006,F-11,4,NA,1731,1774,1688,NA,
Lower Gorge,2006,F-12,3,NA,2007,2128,1886,NA,
Lower Gorge,2006,F-13,4,NA,2415,2450,2380,NA,
Lower Gorge,2006,F-14,4,NA,1630,1658,1602,NA,
Lower Gorge,2006,F-15,4,NA,2007,2105,1909,NA,
Lower Gorge,2006,F-16,4,NA,2519,2548,2490,NA,
Lower Gorge,2006,F-17,4,NA,1666,1885,1447,NA,
Lower Gorge,2006,F-18,4,12.7,2783,2877,2689,0.2250,
Lower Gorge,2006,F-19,4,16.5,2142,2154,2130,0.2980,
Lower Gorge,2006,F-20,4,17.6,2327,2509,2145,0.2810,
Lower Gorge,2006,F-21,4,18.0,1783,1809,1757,0.3580,
Lower Gorge,2006,F-22,4,19.2,2274,2287,2261,0.3090,
Lower Gorge,2006,F-23,3,18.0,2151,2204,2098,0.2710,
Lower Gorge,2006,F-24,4,15.8,1955,2020,1890,0.3010,
Lower Gorge,2006,F-25,4,17.4,2293,2392,2194,0.2830,
Lower Gorge,2006,F-26,4,19.3,1999,2058,1940,0.3290,
Lower Gorge,2006,F-27,4,14.9,1955,2002,1908,0.2850,
Lower Gorge,2006,F-28,4,16.8,2242,2272,2212,0.3310,
Lower Gorge,2009,F-1,4,16.0,2186,2203,2169,0.2720,
Lower Gorge,2009,F-2,4,15.9,1959,1969,1949,0.3060,
Lower Gorge,2009,F-3,4,17.8,3448,3474,3422,0.2440,
Lower Gorge,2009,F-4,4,18.5,2491,2534,2448,0.2900,
Lower Gorge,2009,F-5,3,16.6,2644,2665,2623,0.2470,
Lower Gorge,2009,F-6,4,15.3,2540,2568,2512,0.2700,
Lower Gorge,2009,F-7,3,17.7,2670,2697,2643,0.2870,
Lower Gorge,2009,F-8,4,17.0,2868,2895,2841,0.3160,
Lower Gorge,2009,F-9,4,17.9,2471,2491,2451,0.3250,
Lower Gorge,2009,F-10,4,18.4,1706,1786,1626,0.2770,
Lower Gorge,2009,F-11,3,16.5,1750,1758,1742,0.2820,
Lower Gorge,2010,F-1,4,18.6,4134,4238,4030,0.2760,
Lower Gorge,2010,F-2,4,19.8,3481,3512,3450,0.3230,
Lower Gorge,2010,F-3,4,12.8,2395,2510,2280,0.2750,
Lower Gorge,2010,F-4,4,16.4,3103,3115,3091,0.2970,
Lower Gorge,2010,F-5,4,14.5,2461,2535,2387,0.3030,
Lower Gorge,2010,F-6,4,NA,NA,NA,NA,NA,green female
Lower Gorge,2010,F-7,4,NA,NA,NA,NA,NA,green female
Lower Gorge,2010,F-8,4,19.4,2934,2977,2891,0.2810,
Lower Gorge,2010,F-9,4,19.4,2972,3231,2713,0.2630,
Lower Gorge,2010,F-10,3,21.2,2507,2561,2453,0.2530,
Lower Gorge,2010,F-11,4,21.9,3663,3739,3587,0.2470,
Lower Gorge,2010,F-12,4,16.6,3170,3198,3142,0.3620,
Lower Gorge,2010,F-13,4,22.7,3825,3844,3806,0.2940,
Lower Gorge,2010,F-14,4,18.6,3978,3998,3958,0.3350,
Lower Gorge,2010,F-15,3,20.4,4372,4442,4302,0.2270,
Lower Gorge,2010,F-16,4,19.7,4863,4930,4796,0.2610,
Lower Gorge,2010,F-17,3,21.6,3673,4026,3320,0.2940,
Lower Gorge,2010,F-18,4,21.1,3802,4017,3587,0.3100,
Lower Gorge,2010,F-19,4,20.7,4391,4631,4151,0.2750,
Lower Gorge,2010,F-20,4,17.8,3504,3575,3433,0.2510,
Lower Gorge,2011,F-1,4,20.7,2995,3024,2966,0.2930,
Lower Gorge,2011,F-2,4,20.3,3248,3273,3223,0.2860,
Lower Gorge,2011,F-3,4,NA,NA,NA,NA,NA,green female
Lower Gorge,2011,F-4,4,NA,NA,NA,NA,NA,green female
Lower Gorge,2011,F-5,4,23.4,2424,2443,2405,0.2660,Something went wrong with green egg mass weights
Lower Gorge,2011,F-6,4,25.5,3310,3417,3203,0.2900,Something went wrong with green egg mass weights
Lower Gorge,2011,F-7,4,36.2,2159,2185,2133,0.3360,Something went wrong with green egg mass weights
Lower Gorge,2011,F-8,4,35.7,2530,2575,2485,0.3010,Something went wrong with green egg mass weights
Lower Gorge,2011,F-9,4,38.4,1909,2000,1818,0.2900,Something went wrong with green egg mass weights
Lower Gorge,2011,F-10,4,NA,NA,NA,NA,NA,green female
Lower Gorge,2011,F-11,4,34.0,1677,1695,1659,0.2760,Something went wrong with green egg mass weights
Lower Gorge,2011,F-12,4,14.1,1485,1503,1467,0.2600,
Lower Gorge,2011,F-13,4,8.9,2744,2883,2605,0.3120,
Lower Gorge,2011,F-14,4,12.8,1999,2019,1979,0.3080,
Lower Gorge,2011,F-15,4,15.7,1013,1023,1003,0.2980,
Lower Gorge,2011,F-16,4,15.3,2390,2416,2364,0.3130,
Lower Gorge,2011,F-17,4,17.3,2048,2062,2034,0.2970,
Lower Gorge,2011,F-18,4,10.2,1359,1397,1321,0.2730,
Lower Gorge,2011,F-19,4,NA,NA,NA,NA,NA,deformed eggs
Lower Gorge,2011,F-20,4,15.8,2834,2919,2749,0.2970,
Lower Gorge,2011,F-21,4,12.2,1611,1655,1567,0.2880,
Lower Gorge,2011,F-22,4,13.8,1151,1157,1145,0.3350,
Lower Gorge,2011,F-23,4,14.9,2063,2071,2055,0.2520,
Lower Gorge,2011,F-24,4,15.4,1857,1886,1828,0.3470,
Lower Gorge,2011,F-25,4,16.3,2307,2369,2245,0.2740,
Lower Gorge,2011,F-26,4,16.0,2140,2148,2132,0.3190,
Lower Gorge,2011,F-27,4,12.9,1567,1575,1559,0.3250,
Lower Gorge,2011,F-28,4,15.5,2375,2393,2357,0.2540,
Lower Gorge,2011,F-29,4,14.4,1539,1557,1521,0.2820,
Lower Gorge,2011,F-30,4,15.4,2087,2126,2048,0.3270,
Lower Gorge,2011,F-31,4,16.4,2595,2624,2566,0.2720,
Lower Gorge,2011,F-32,3,18.5,2176,2201,2151,0.2590,
Lower Gorge,2011,F-33,5,17.2,2941,2963,2919,0.3190,
I-205,2011,F-1,4,9.5,1443,1447,1439,0.2950,
I-205,2011,F-2,4,16.3,2588,2632,2544,0.3050,
I-205,2011,F-3,4,16.7,2514,2553,2475,0.3310,
I-205,2011,F-4,4,17.1,1704,1792,1616,0.3720,
I-205,2011,F-5,4,12.7,2095,2121,2069,0.3360,
I-205,2011,F-6,4,20.7,2877,2896,2858,0.3440,
I-205,2011,F-7,4,13.7,1877,1896,1858,0.2780,
I-205,2011,F-8,4,9.0,1029,1041,1017,0.3000,
I-205,2011,F-9,4,14.9,2366,2422,2310,0.3160,
I-205,2011,F-10,4,18.3,3887,3910,3864,0.2740,
I-205,2011,F-11,4,12.6,2154,2184,2124,0.2990,
I-205,2011,F-12,4,2.5,2305,2339,2271,0.2780,
I-205,2011,F-13,4,13.2,2178,2219,2137,0.3160,
I-205,2011,F-14,4,9.7,1226,1236,1216,0.2960,
I-205,2011,F-15,4,16.5,2314,2325,2303,0.2780,
I-205,2011,F-16,4,16.7,3049,3077,3021,0.3230,
I-205,2011,F-17,4,17.0,2353,2387,2319,0.3000,
I-205,2011,F-18,4,16.2,1825,1839,1811,0.2470,
I-205,2011,F-19,4,10.4,1459,1469,1449,0.2950,
I-205,2011,F-20,4,16.2,1942,1951,1933,0.2690,
I-205,2011,F-21,4,17.2,2377,2465,2289,0.2990,
I-205,2011,F-22,4,NA,NA,NA,NA,NA,died in tube
I-205,2011,F-23,4,8.9,1287,1296,1278,0.3240,
I-205,2011,F-24,4,9.3,1572,1603,1541,0.3130,
I-205,2011,F-25,4,15.1,2264,2278,2250,0.2570,
I-205,2011,F-26,4,17.8,2724,2782,2666,0.2840,
I-205,2011,F-27,4,15.1,2644,2677,2611,0.3190,
I-205,2011,F-28,4,7.4,835,875,795,0.2790,
I-205,2011,F-29,4,13.5,1460,1559,1361,0.2890,
I-205,2011,F-30,4,11.6,1615,1622,1608,0.3150,
I-205,2011,F-31,3,11.1,1788,1827,1749,0.2470,
I-205,2011,F-32,4,11.2,1804,1822,1786,0.2890,
I-205,2011,F-33,4,17.0,2417,2435,2399,0.3220,
I-205,2011,F-34,4,14.7,2179,2229,2129,0.2620,
I-205,2011,F-35,4,12.4,1732,1754,1710,0.2980,
I-205,2011,F-36,4,15.1,1585,1600,1570,0.3050,
I-205,2011,F-37,4,17.2,2096,2126,2066,0.2710,
I-205,2011,F-38,4,16.6,2885,2905,2865,0.2740,
I-205,2011,F-39,4,13.0,1885,1952,1818,0.3230,
I-205,2011,F-40,4,13.0,1435,1453,1417,0.3010,
I-205,2011,F-41,4,7.5,1267,1279,1255,0.2930,
I-205,2011,F-42,4,16.0,2060,2097,2023,0.2750,
I-205,2011,F-43,4,16.3,2159,2194,2124,0.2770,
I-205,2011,F-44,4,19.3,1700,1721,1679,0.3490,
I-205,2011,F-45,4,17.1,2016,2037,1995,0.3020,
I-205,2011,F-46,4,16.5,2726,2768,2684,0.3230,
I-205,2011,F-47,4,17.2,3580,3649,3511,0.2950,
I-205,2011,F-48,4,16.1,1524,1535,1513,0.3160,
I-205,2011,F-49,4,13.4,2016,2054,1978,0.2790,
I-205,2011,F-50,4,14.5,2385,2394,2376,0.3110,
I-205,2011,F-51,5,14.0,1855,1884,1826,0.2900,
I-205,2011,F-52,4,14.3,2699,2729,2669,0.2980,
I-205,2011,F-53,4,14.9,1739,1764,1714,0.3080,
I-205,2011,F-54,4,13.2,2015,2063,1967,0.2810,
I-205,2011,F-55,4,17.3,3598,3657,3539,0.2810,
I-205,2011,F-56,4,10.2,1051,1071,1031,0.3060,
I-205,2011,F-57,4,14.3,1623,1640,1606,0.3060,
Lower Gorge,2012,F-1,4,19.4,2745,2858,2632,0.2460,
Lower Gorge,2012,F-2,4,14.3,3232,3283,3181,0.2680,
Lower Gorge,2012,F-3,4,14.5,3702,3716,3688,0.2400,
Lower Gorge,2012,F-4,4,15.6,2520,2563,2477,0.3440,
Lower Gorge,2012,F-5,4,12.1,3614,3638,3590,0.3720,
Lower Gorge,2012,F-6,5,19.4,3240,3325,3155,0.2370,
Lower Gorge,2012,F-7,4,20.4,3011,3056,2966,0.3120,
Lower Gorge,2012,F-8,4,17.0,3816,3864,3768,0.3010,
Lower Gorge,2012,F-9,4,17.3,2777,2800,2754,0.3530,
Lower Gorge,2012,F-10,3,16.5,2312,2336,2288,0.3800,
Lower Gorge,2012,F-11,4,17.0,2500,2514,2486,0.2550,
Lower Gorge,2012,F-12,5,18.6,2884,2904,2864,0.3390,
Lower Gorge,2012,F-13,4,14.3,2855,2889,2821,0.2720,
Lower Gorge,2012,F-14,88,17.7,2562,2579,2545,0.3730,
Lower Gorge,2012,F-15,3,16.8,2173,2199,2147,0.3340,
Lower Gorge,2012,F-16,5,20.1,2383,2408,2358,0.3370,
Lower Gorge,2012,F-17,5,17.5,2859,2879,2839,0.3280,
Lower Gorge,2012,F-18,4,18.3,2691,2720,2662,NA,
Lower Gorge,2012,F-19,5,14.6,2120,2150,2090,0.3160,
Lower Gorge,2012,F-20,5,13.1,1985,2054,1916,NA,
Lower Gorge,2012,F-21,4,19.5,2342,2375,2309,0.3350,
Lower Gorge,2012,F-22,4,12.9,2085,2104,2066,0.3130,
Lower Gorge,2012,F-23,5,16.4,2300,2329,2271,NA,
Lower Gorge,2012,F-24,5,10.3,1469,1486,1452,0.4050,
Lower Gorge,2013,F-1,5,12.3,1851,1874,1828,0.3420,
Lower Gorge,2013,F-2,4,17.1,3122,3205,3039,0.3130,
Lower Gorge,2013,F-3,5,20.2,3562,3614,3510,0.2670,
Lower Gorge,2013,F-4,3,16.5,2206,2242,2170,0.2350,
Lower Gorge,2013,F-5,4,13.5,1882,1960,1804,0.2910,
Lower Gorge,2013,F-6,3,13.7,1261,1278,1244,0.2970,
Lower Gorge,2013,F-7,3,16.7,2423,2453,2393,0.2540,
Lower Gorge,2013,F-8,3,12.2,1840,1885,1795,0.2730,
Lower Gorge,2013,F-9,3,14.2,2072,2097,2047,0.2770,
Lower Gorge,2013,F-10,3,14.2,2085,2125,2045,0.3010,
Lower Gorge,2013,F-11,3,16.0,2058,2092,2024,0.2600,
Lower Gorge,2013,F-12,3,19.9,2996,3036,2956,0.2690,
Lower Gorge,2013,F-13,4,14.8,2306,2362,2250,0.2330,
Lower Gorge,2013,F-14,3,14.7,2483,2514,2452,0.2750,
Lower Gorge,2013,F-15,3,15.3,2404,2428,2380,0.2950,
Lower Gorge,2013,F-16,3,14.3,1867,1895,1839,0.2910,
Lower Gorge,2013,F-17,3,16.2,1957,1980,1934,0.2800,
Lower Gorge,2013,F-18,3,12.9,1854,1878,1830,0.2470,
Lower Gorge,2013,F-19,3,14.0,1323,1397,1249,0.2530,
Lower Gorge,2013,F-20,3,NA,NA,NA,NA,NA,green female
Lower Gorge,2013,F-21,88,12.0,1467,1511,1423,0.2650,
Lower Gorge,2013,F-22,3,14.5,1619,1642,1596,0.2900,
Lower Gorge,2013,F-23,3,13.9,2236,2276,2196,0.2440,
Lower Gorge,2013,F-24,3,16.0,2344,2388,2300,0.2760,
I-205,2013,F-1,4,14.9,3397,3493,3301,0.3250,
I-205,2013,F-2,88,17.3,3005,3012,2998,0.2930,
I-205,2013,F-3,4,17.1,2798,2814,2782,0.2880,
I-205,2013,F-4,4,16.2,2534,2570,2498,0.3220,
I-205,2013,F-5,5,15.7,2266,2349,2183,0.4080,
I-205,2013,F-6,4,17.6,3202,3232,3172,0.2850,
I-205,2013,F-7,3,18.7,2995,3102,2888,0.2690,
I-205,2013,F-8,4,16.9,2506,2557,2455,0.3310,
I-205,2013,F-9,5,15.4,2588,2615,2561,0.3040,
I-205,2013,F-10,4,18.8,2564,2618,2510,0.3120,
I-205,2013,F-11,4,6.7,858,872,844,0.3280,
I-205,2013,F-12,4,11.8,2340,2406,2274,0.2520,
I-205,2013,F-13,3,16.5,1802,1846,1758,0.2770,
I-205,2013,F-14,5,15.5,3103,3130,3076,0.3170,
I-205,2013,F-15,88,14.6,NA,NA,NA,0.2790,doubled up in heath trays
I-205,2013,F-16,4,12.7,NA,NA,NA,0.3030,doubled up in heath trays
I-205,2013,F-17,4,16.4,NA,NA,NA,0.3380,doubled up in heath trays
I-205,2013,F-18,4,12.2,NA,NA,NA,0.3190,doubled up in heath trays
I-205,2013,F-19,3,14.4,NA,NA,NA,0.2520,doubled up in heath trays
I-205,2013,F-20,3,14.9,NA,NA,NA,0.2340,doubled up in heath trays
I-205,2013,F-21,5,12.2,NA,NA,NA,0.3260,doubled up in heath trays
I-205,2013,F-22,4,18.0,NA,NA,NA,0.2740,doubled up in heath trays
I-205,2013,F-23,3,14.7,NA,NA,NA,0.2930,doubled up in heath trays
I-205,2013,F-24,4,11.5,NA,NA,NA,0.3510,doubled up in heath trays
I-205,2013,F-25,3,15.0,NA,NA,NA,0.2770,doubled up in heath trays
I-205,2013,F-26,3,14.4,NA,NA,NA,0.2240,doubled up in heath trays
I-205,2013,F-27,5,15.8,NA,NA,NA,0.3230,doubled up in heath trays
I-205,2013,F-28,3,15.9,NA,NA,NA,0.2570,doubled up in heath trays
I-205,2013,F-29,3,14.4,NA,NA,NA,0.2560,doubled up in heath trays
I-205,2013,F-30,4,10.4,NA,NA,NA,0.3230,doubled up in heath trays
I-205,2013,F-31,3,15.1,NA,NA,NA,0.2360,doubled up in heath trays
I-205,2013,F-32,5,13.0,NA,NA,NA,0.2940,doubled up in heath trays
I-205,2013,F-33,4,15.6,NA,NA,NA,0.3190,doubled up in heath trays
I-205,2013,F-34,3,12.6,NA,NA,NA,0.2770,doubled up in heath trays
I-205,2013,F-35,3,14.1,NA,NA,NA,0.3150,doubled up in heath trays
I-205,2013,F-36,5,11.6,NA,NA,NA,0.3410,doubled up in heath trays
I-205,2013,F-37,3,14.5,NA,NA,NA,0.2730,doubled up in heath trays
I-205,2013,F-38,5,13.5,NA,NA,NA,0.2860,doubled up in heath trays
I-205,2013,F-39,4,15.2,NA,NA,NA,0.3450,doubled up in heath trays
I-205,2013,F-40,3,8.7,NA,NA,NA,0.2270,doubled up in heath trays
I-205,2013,F-41,3,9.4,NA,NA,NA,0.2660,doubled up in heath trays
I-205,2013,F-42,3,13.3,NA,NA,NA,0.2860,doubled up in heath trays
I-205,2013,F-43,5,17.1,NA,NA,NA,0.3690,doubled up in heath trays
I-205,2013,F-44,3,14.5,1507,1525,1489,0.2950,
I-205,2013,F-45,3,13.9,1595,1636,1554,0.3010,
I-205,2013,F-46,4,16.8,3346,3384,3308,0.2820,
I-205,2013,F-47,3,13.6,1465,1491,1439,0.2820,
I-205,2013,F-48,5,16.1,1928,1957,1899,0.3270,
I-205,2013,F-49,4,20.3,2728,2769,2687,0.2780,
I-205,2013,F-50,4,15.8,2665,2710,2620,0.2910,
I-205,2013,F-51,3,13.9,2021,2043,1999,0.2660,
Lower Gorge,2014,F-1,9,17.1,3305,3434,3176,0.2870,
Lower Gorge,2014,F-2,9,20.6,2938,2966,2910,0.2680,
Lower Gorge,2014,F-3,9,17.0,1724,1756,1692,0.2900,
Lower Gorge,2014,F-4,4,12.7,2382,2425,2339,0.3340,
Lower Gorge,2014,F-5,4,17.4,2359,2391,2327,0.3110,
Lower Gorge,2014,F-6,4,18.1,2229,2262,2196,0.3260,
Lower Gorge,2014,F-7,4,17.2,2545,2595,2495,0.3070,
Lower Gorge,2014,F-8,3,19.2,2272,2311,2233,0.2770,
Lower Gorge,2014,F-9,3,18.4,3675,3717,3633,0.2430,
Lower Gorge,2014,F-10,4,11.8,2235,2247,2223,0.2530,
Lower Gorge,2014,F-11,4,19.2,3222,3256,3188,0.3570,
Lower Gorge,2014,F-12,4,16.0,2703,2724,2682,0.3090,
Lower Gorge,2014,F-13,4,17.1,3209,3257,3161,0.3550,
Lower Gorge,2014,F-14,4,20.7,2895,2909,2881,0.3050,
Lower Gorge,2014,F-15,4,19.3,3690,3715,3665,0.3450,
Lower Gorge,2014,F-16,4,12.9,1867,1915,1819,0.3380,
Lower Gorge,2014,F-17,4,19.5,3260,3261,3259,0.3260,
Lower Gorge,2014,F-18,4,16.4,3012,3026,2998,0.3070,
Lower Gorge,2014,F-19,4,15.4,2979,3013,2945,0.2890,
Lower Gorge,2014,F-20,4,15.4,3071,3100,3042,0.3180,
Lower Gorge,2014,F-21,4,18.4,2639,2656,2622,0.2770,
Lower Gorge,2014,F-22,4,16.9,3370,3393,3347,0.2540,
Lower Gorge,2014,F-23,4,14.6,2454,2463,2445,0.2730,
Lower Gorge,2014,F-24,4,13.8,1648,1658,1638,0.3250,
Lower Gorge,2014,F-25,3,15.5,1987,2003,1971,0.2370,
Lower Gorge,2014,F-26,4,19.2,3322,3337,3307,0.3380,
Lower Gorge,2014,F-27,3,14.1,1735,1759,1711,0.2570,
Lower Gorge,2014,F-28,4,15.8,2501,2528,2474,0.2860,
Lower Gorge,2014,F-29,4,10.3,1706,1752,1660,0.2700,
Lower Gorge,2014,F-30,4,10.3,1199,1261,1137,0.3070,
Lower Gorge,2014,F-31,3,16.4,2028,2069,1987,0.2410,
Lower Gorge,2014,F-32,3,13.3,1800,1828,1772,0.2820,
Lower Gorge,2014,F-33,4,14.6,2264,2307,2221,0.3300,
Lower Gorge,2014,F-34,4,16.2,3517,3547,3487,0.3100,
Lower Gorge,2014,F-35,4,15.9,NA,NA,NA,0.2990,"soft shell eggs, sampling skipped"
Lower Gorge,2014,F-36,88,16.3,2294,2309,2279,0.2550,
Lower Gorge,2014,F-37,88,12.4,1837,1866,1808,0.3250,
Lower Gorge,2014,F-38,4,13.0,2316,2338,2294,0.3400,
Lower Gorge,2014,F-39,4,14.4,2178,2196,2160,0.2730,
Lower Gorge,2014,F-40,3,16.6,NA,NA,NA,0.2220,"All blanks, not sampled"
I-205,2014,F-1,3,17.2,2500,2557,2443,0.2490,
I-205,2014,F-2,4,16.6,2577,2609,2545,0.3500,
I-205,2014,F-3,4,19.8,3555,3596,3514,0.3290,
I-205,2014,F-4,3,13.5,1891,1929,1853,0.2690,
I-205,2014,F-5,3,17.2,2770,2848,2692,0.2420,
I-205,2014,F-6,4,13.9,2789,2849,2729,0.3250,
I-205,2014,F-7,4,15.9,3125,3196,3054,0.3500,
I-205,2014,F-8,4,19.2,2840,2867,2813,0.2500,
I-205,2014,F-9,5,14.2,2589,2609,2569,0.3070,
I-205,2014,F-10,4,10.7,1869,1881,1857,0.2580,
I-205,2014,F-11,4,12.0,2050,2058,2042,0.3140,
I-205,2014,F-12,4,15.2,2648,2655,2641,0.3250,
I-205,2014,F-13,4,15.1,2266,2285,2247,0.3400,
I-205,2014,F-14,4,16.9,3337,3386,3288,0.3220,
I-205,2014,F-15,4,12.7,2141,2152,2130,0.3320,
I-205,2014,F-16,4,18.1,3071,3079,3063,0.3440,
I-205,2014,F-17,4,14.1,3106,3141,3071,0.3330,
I-205,2014,F-18,4,16.0,2851,2938,2764,0.2770,
I-205,2014,F-19,3,13.8,1924,1928,1920,0.2600,
I-205,2014,F-20,4,11.5,1803,1856,1750,0.2970,
I-205,2014,F-21,3,16.8,1966,1992,1940,0.3070,
I-205,2014,F-22,3,17.2,2768,2791,2745,0.2460,
I-205,2014,F-23,4,18.1,2899,2921,2877,0.3010,
I-205,2014,F-24,4,15.7,3245,3378,3112,0.2600,
I-205,2014,F-25,4,18.8,3257,3316,3198,0.2860,
I-205,2014,F-26,4,18.3,2260,2275,2245,0.3030,
I-205,2014,F-27,4,17.8,4311,4344,4278,0.3190,
I-205,2014,F-28,4,9.8,1800,1833,1767,0.3100,
I-205,2014,F-29,4,16.9,3389,3414,3364,0.3180,
I-205,2014,F-30,4,17.0,2492,2522,2462,0.3490,
I-205,2014,F-31,4,14.7,2426,2491,2361,0.2900,
I-205,2014,F-32,4,8.9,1493,1508,1478,0.2700,
I-205,2014,F-33,3,17.5,2090,2108,2072,0.2950,
I-205,2014,F-34,3,16.9,1979,1991,1967,0.2700,
I-205,2014,F-35,4,16.2,3011,3052,2970,0.2530,
I-205,2014,F-36,4,16.9,3308,3318,3298,0.2660,
I-205,2014,F-37,4,15.2,3381,3419,3343,0.2380,
I-205,2014,F-38,4,14.8,2872,2902,2842,0.3100,
I-205,2014,F-39,4,16.8,3599,3645,3553,0.3090,
I-205,2014,F-40,4,16.2,2316,2339,2293,0.3520,
I-205,2014,F-41,4,15.8,2534,2545,2523,0.3650,
I-205,2014,F-42,3,16.5,2522,2539,2505,0.2600,
Grays,2009,F-1,3,17.3,2322,2335,2309,0.2880,
Grays,2009,F-2,5,14.7,1818,1839,1797,0.3580,
Grays,2009,F-3,3,14.6,1637,1649,1625,0.2810,
Grays,2009,F-4,4,14.9,2363,2373,2353,0.3650,
Grays,2009,F-5,5,13.2,1960,1967,1953,0.3250,
Grays,2009,F-6,3,16.3,2481,2734,2228,0.2700,
Grays,2009,F-7,4,16.8,2262,2269,2255,0.2410,
Grays,2009,F-8,4,8.7,1331,1345,1317,0.2820,
Grays,2009,F-9,5,17.7,2871,2911,2831,0.3140,
Grays,2009,F-10,4,17.0,3394,3423,3365,0.2350,
Grays,2009,F-11,4,16.1,2149,2167,2131,0.3220,
Grays,2009,F-12,3,9.7,1201,1216,1186,0.2730,
Grays,2009,F-13,3,19.8,2930,3037,2823,0.2420,
Grays,2009,F-14,4,19.9,3107,3177,3037,0.3040,
Grays,2009,F-15,3,9.0,1473,1508,1438,0.2780,
Grays,2009,F-16,3,12.6,1738,1950,1526,0.2860,
Grays,2009,F-17,4,19.7,2554,2628,2480,0.2840,
Grays,2009,F-18,4,18.9,3970,4188,3752,0.2470,
Grays,2009,F-19,3,18.2,2817,3155,2479,0.2620,
Grays,2009,F-20,3,16.4,2905,2924,2886,0.2500,
Grays,2009,F-21,4,17.9,2494,2875,2113,0.2970,
Grays,2009,F-22,3,17.2,1803,1845,1761,0.3110,
Grays,2009,F-23,3,13.1,1762,1922,1602,0.2490,
Grays,2009,F-24,88,10.6,1527,1693,1361,0.2270,
Grays,2009,F-25,3,18.2,NA,NA,NA,0.2440,"fresh mort but all eggs dead, not sampled"
Grays,2009,F-26,4,18.4,3284,3313,3255,0.3420,
Grays,2009,F-27,4,16.6,2760,3026,2494,0.2890,
Grays,2009,F-28,4,18.4,3038,3075,3001,0.2960,
Grays,2009,F-29,3,20.2,2284,2289,2279,0.2900,
Grays,2009,F-30,3,13.6,2037,2051,2023,0.2780,
Grays,2009,F-31,4,19.3,2850,2904,2796,0.2820,
Grays,2009,F-32,3,20.2,2586,2949,2223,0.2680,
Grays,2009,F-33,3,13.2,1826,1837,1815,0.2310,
Grays,2009,F-34,4,17.6,2499,2584,2414,0.2640,
Grays,2009,F-35,3,18.3,1855,1878,1832,0.2560,
Grays,2009,F-36,3,11.8,1556,1626,1486,0.2840,
Grays,2009,F-37,4,19.5,2325,2392,2258,0.3020,
Grays,2009,F-38,4,6.4,593,642,544,0.3250,
Grays,2009,F-39,4,13.8,1675,1733,1617,0.3170,
Grays,2009,F-40,4,20.3,2732,2824,2640,0.3160,
Grays,2009,F-41,3,13.4,2192,2431,1953,0.2250,
Grays,2009,F-42,3,20.2,2533,2579,2487,0.2630,
Grays,2009,F-43,3,19.4,3010,3035,2985,0.2970,
Grays,2009,F-44,4,18.0,3065,3335,2795,0.2830,
Grays,2009,F-45,3,14.6,1580,1597,1563,0.2650,
Grays,2009,F-46,3,15.7,2082,2114,2050,0.2670,
Grays,2009,F-47,4,16.6,3453,3472,3434,0.2910,
Grays,2009,F-48,3,18.0,2173,2237,2109,0.2320,
Grays,2009,F-49,4,18.5,3384,3412,3356,0.3040,
Grays,2009,F-50,3,17.2,1640,1653,1627,0.2860,
Grays,2009,F-51,3,9.5,1111,1140,1082,0.2280,
Grays,2009,F-52,3,16.8,NA,NA,NA,0.2080,not sampled at eyed stage
Grays,2009,F-53,4,17.2,2786,3099,2473,0.3090,
Grays,2009,F-54,4,13.3,1917,1966,1868,0.3060,
Grays,2009,F-55,3,16.0,2477,2533,2421,0.2630,
Grays,2009,F-56,4,19.7,3064,3106,3022,0.2430,
Grays,2009,F-57,3,16.8,2694,2728,2660,0.2500,
Grays,2009,F-58,4,18.5,3467,3507,3427,0.2900,
Grays,2009,F-59,3,6.5,677,689,665,0.2840,
Grays,2010,F-1,4,17.5,2784,NA,NA,0.3150,Grimm and crew skipped eyed egg sampling
Grays,2010,F-2,4,18.8,3115,NA,NA,0.2690,Grimm and crew skipped eyed egg sampling
Grays,2010,F-3,5,17.7,3176,NA,NA,0.3930,Grimm and crew skipped eyed egg sampling
Grays,2010,F-4,3,20.2,2932,NA,NA,0.3150,Grimm and crew skipped eyed egg sampling
Grays,2010,F-5,3,17.5,2477,NA,NA,0.3230,Grimm and crew skipped eyed egg sampling
Grays,2010,F-6,4,16.0,2585,NA,NA,0.3160,Grimm and crew skipped eyed egg sampling
Grays,2010,F-7,4,18.8,2579,NA,NA,0.3430,Grimm and crew skipped eyed egg sampling
Grays,2010,F-8,4,20.7,2372,NA,NA,0.3260,Grimm and crew skipped eyed egg sampling
Grays,2010,F-9,4,16.6,2572,NA,NA,0.3350,Grimm and crew skipped eyed egg sampling
Grays,2010,F-10,4,21.5,3046,NA,NA,0.2880,Grimm and crew skipped eyed egg sampling
Grays,2010,F-11,4,19.4,3682,NA,NA,0.3200,Grimm and crew skipped eyed egg sampling
Grays,2010,F-12,4,18.2,3458,NA,NA,0.3130,Grimm and crew skipped eyed egg sampling
Grays,2010,F-13,3,20.3,2784,NA,NA,0.2580,Grimm and crew skipped eyed egg sampling
Grays,2010,F-14,4,17.5,3013,NA,NA,0.3230,Grimm and crew skipped eyed egg sampling
Grays,2010,F-15,4,17.7,2435,NA,NA,0.3400,Grimm and crew skipped eyed egg sampling
Grays,2010,F-16,4,11.4,1509,NA,NA,0.3380,Grimm and crew skipped eyed egg sampling
Grays,2010,F-17,4,18.6,2417,NA,NA,0.3440,Grimm and crew skipped eyed egg sampling
Grays,2010,F-18,4,19.8,3291,NA,NA,0.3770,Grimm and crew skipped eyed egg sampling
Grays,2010,F-19,4,14.3,1967,NA,NA,0.3520,Grimm and crew skipped eyed egg sampling
Grays,2010,F-20,4,19.7,3647,NA,NA,0.3350,Grimm and crew skipped eyed egg sampling
Grays,2010,F-21,3,23.3,3424,NA,NA,0.2440,Grimm and crew skipped eyed egg sampling
Grays,2010,F-22,4,17.1,2745,NA,NA,0.3280,Grimm and crew skipped eyed egg sampling
Grays,2010,F-23,4,9.1,1263,NA,NA,0.2970,Grimm and crew skipped eyed egg sampling
Grays,2010,F-24,4,19.9,3119,NA,NA,0.3160,Grimm and crew skipped eyed egg sampling
Grays,2010,F-25,4,14.1,2131,NA,NA,0.3390,Grimm and crew skipped eyed egg sampling
Grays,2010,F-26,4,7.5,1218,NA,NA,0.2910,Grimm and crew skipped eyed egg sampling
Grays,2010,F-27,4,19.8,3294,NA,NA,0.3340,Grimm and crew skipped eyed egg sampling
Grays,2010,F-28,4,11.0,1947,NA,NA,0.3260,Grimm and crew skipped eyed egg sampling
Grays,2010,F-29,88,19.2,2463,NA,NA,0.2980,Grimm and crew skipped eyed egg sampling
Grays,2010,F-30,4,17.6,2954,NA,NA,0.3350,Grimm and crew skipped eyed egg sampling
Grays,2010,F-31,4,18.1,3939,NA,NA,0.3320,Grimm and crew skipped eyed egg sampling
Grays,2010,F-32,4,19.9,2368,NA,NA,0.2800,Grimm and crew skipped eyed egg sampling
Grays,2010,F-33,3,9.0,1244,NA,NA,0.2700,Grimm and crew skipped eyed egg sampling
Grays,2010,F-34,4,16.0,3151,NA,NA,0.3400,Grimm and crew skipped eyed egg sampling
Grays,2010,F-35,88,19.6,3432,NA,NA,0.3150,Grimm and crew skipped eyed egg sampling
Grays,2010,F-36,4,18.0,3819,NA,NA,0.3470,Grimm and crew skipped eyed egg sampling
Grays,2010,F-37,88,19.1,3325,NA,NA,0.3350,Grimm and crew skipped eyed egg sampling
Grays,2010,F-38,88,16.9,3042,NA,NA,0.3010,Grimm and crew skipped eyed egg sampling
Grays,2010,F-39,4,20.4,3514,NA,NA,0.3320,Grimm and crew skipped eyed egg sampling
Grays,2010,F-40,4,15.4,2223,NA,NA,0.3360,Grimm and crew skipped eyed egg sampling
Grays,2010,F-41,4,15.0,2912,NA,NA,0.3690,Grimm and crew skipped eyed egg sampling
Grays,2010,F-42,4,10.9,2113,NA,NA,0.3350,Grimm and crew skipped eyed egg sampling
Grays,2010,F-43,4,17.1,2336,NA,NA,0.2490,Grimm and crew skipped eyed egg sampling
Grays,2010,F-44,4,18.7,3189,NA,NA,0.3230,Grimm and crew skipped eyed egg sampling
Grays,2010,F-45,4,14.2,2304,NA,NA,0.3500,Grimm and crew skipped eyed egg sampling
Grays,2010,F-46,4,8.6,1193,NA,NA,0.3060,Grimm and crew skipped eyed egg sampling
Grays,2010,F-47,4,18.5,3059,NA,NA,0.3480,Grimm and crew skipped eyed egg sampling
Grays,2010,F-48,88,21.6,2818,NA,NA,0.2730,Grimm and crew skipped eyed egg sampling
Grays,2010,F-49,4,12.5,1912,NA,NA,0.3240,Grimm and crew skipped eyed egg sampling
Grays,2010,F-50,4,13.0,1763,NA,NA,0.3060,Grimm and crew skipped eyed egg sampling
Grays,2010,F-51,3,13.6,1456,NA,NA,0.2720,Grimm and crew skipped eyed egg sampling
Grays,2010,F-52,4,16.3,2915,NA,NA,0.3410,Grimm and crew skipped eyed egg sampling
Grays,2010,F-53,4,18.9,2907,NA,NA,0.3330,Grimm and crew skipped eyed egg sampling
Grays,2010,F-54,4,17.9,2471,NA,NA,0.2820,Grimm and crew skipped eyed egg sampling
Grays,2010,F-55,4,18.1,3473,NA,NA,0.2690,Grimm and crew skipped eyed egg sampling
Grays,2010,F-56,4,14.9,1918,NA,NA,0.3330,Grimm and crew skipped eyed egg sampling
Grays,2010,F-57,4,14.0,1968,NA,NA,0.3220,Grimm and crew skipped eyed egg sampling
Grays,2010,F-58,4,19.3,3149,NA,NA,0.3470,Grimm and crew skipped eyed egg sampling
Grays,2010,F-59,4,20.3,2618,NA,NA,0.3000,Grimm and crew skipped eyed egg sampling
Grays,2010,F-60,4,15.1,2946,NA,NA,0.3130,Grimm and crew skipped eyed egg sampling
Grays,2010,F-61,4,11.1,2047,NA,NA,0.3340,Grimm and crew skipped eyed egg sampling
Grays,2010,F-62,4,19.3,3499,NA,NA,0.3120,Grimm and crew skipped eyed egg sampling
Grays,2010,F-63,4,12.7,2129,NA,NA,0.2980,Grimm and crew skipped eyed egg sampling
Grays,2010,F-64,4,9.8,1325,NA,NA,0.3040,Grimm and crew skipped eyed egg sampling
Grays,2010,F-65,4,19.8,3199,NA,NA,0.3010,Grimm and crew skipped eyed egg sampling
Grays,2010,F-66,4,13.3,1968,NA,NA,0.3200,Grimm and crew skipped eyed egg sampling
Grays,2010,F-67,4,15.8,2781,NA,NA,0.3560,Grimm and crew skipped eyed egg sampling
Grays,2010,F-68,4,20.8,3187,NA,NA,0.2930,Grimm and crew skipped eyed egg sampling
Grays,2010,F-69,4,12.4,1565,NA,NA,0.3570,Grimm and crew skipped eyed egg sampling
Grays,2010,F-70,4,18.1,2834,NA,NA,0.3270,Grimm and crew skipped eyed egg sampling
Grays,2010,F-71,4,17.7,2654,NA,NA,0.3050,Grimm and crew skipped eyed egg sampling
Grays,2010,F-72,5,18.0,3040,NA,NA,0.3170,Grimm and crew skipped eyed egg sampling
Grays,2010,F-73,4,19.7,3020,NA,NA,0.3100,Grimm and crew skipped eyed egg sampling
Grays,2010,F-74,4,20.6,2290,NA,NA,0.3010,Grimm and crew skipped eyed egg sampling
Grays,2010,F-75,4,18.5,3240,NA,NA,0.3040,Grimm and crew skipped eyed egg sampling
Grays,2010,F-76,4,16.4,2907,NA,NA,0.3490,Grimm and crew skipped eyed egg sampling
Grays,2010,F-77,4,19.6,3518,NA,NA,0.3250,Grimm and crew skipped eyed egg sampling
Grays,2010,F-78,4,14.5,2169,NA,NA,0.3410,Grimm and crew skipped eyed egg sampling
Grays,2010,F-79,4,20.1,2502,NA,NA,0.3510,Grimm and crew skipped eyed egg sampling
Grays,2010,F-80,4,16.1,2220,NA,NA,0.3110,Grimm and crew skipped eyed egg sampling
Grays,2010,F-81,4,18.7,3281,NA,NA,0.3190,Grimm and crew skipped eyed egg sampling
Grays,2010,F-82,4,15.0,1624,NA,NA,0.2770,Grimm and crew skipped eyed egg sampling
Grays,2010,F-83,4,11.1,1416,NA,NA,0.3290,Grimm and crew skipped eyed egg sampling
Grays,2010,F-84,3,19.8,3107,NA,NA,0.2420,Grimm and crew skipped eyed egg sampling
Grays,2010,F-85,4,18.0,2748,NA,NA,0.2900,Grimm and crew skipped eyed egg sampling
Grays,2010,F-86,4,19.6,3359,NA,NA,0.3140,Grimm and crew skipped eyed egg sampling
Grays,2010,F-87,4,19.2,2713,NA,NA,0.3190,Grimm and crew skipped eyed egg sampling
Grays,2010,F-88,4,18.3,2460,NA,NA,0.3270,Grimm and crew skipped eyed egg sampling
Grays,2010,F-89,4,13.8,1839,NA,NA,0.3250,Grimm and crew skipped eyed egg sampling
Grays,2010,F-90,4,11.0,1727,NA,NA,0.3440,Grimm and crew skipped eyed egg sampling
Grays,2010,F-91,3,15.3,1643,NA,NA,0.2630,Grimm and crew skipped eyed egg sampling
Grays,2010,F-92,4,19.7,2808,NA,NA,0.3370,Grimm and crew skipped eyed egg sampling
Grays,2010,F-93,4,20.2,3337,NA,NA,0.2770,Grimm and crew skipped eyed egg sampling
Grays,2010,F-94,4,16.6,3336,NA,NA,0.2960,Grimm and crew skipped eyed egg sampling
Grays,2010,F-95,4,18.2,4332,NA,NA,0.2950,Grimm and crew skipped eyed egg sampling
Grays,2010,F-96,4,19.9,2788,NA,NA,0.3090,Grimm and crew skipped eyed egg sampling
Grays,2010,F-97,4,18.2,2945,NA,NA,0.3270,Grimm and crew skipped eyed egg sampling
Grays,2010,F-98,4,23.3,4305,NA,NA,0.2980,Grimm and crew skipped eyed egg sampling
Grays,2010,F-99,4,20.7,3519,NA,NA,0.3420,Grimm and crew skipped eyed egg sampling
Grays,2010,F-100,4,15.5,1732,NA,NA,0.3010,Grimm and crew skipped eyed egg sampling
Grays,2010,F-101,4,14.0,2047,NA,NA,0.3270,Grimm and crew skipped eyed egg sampling
Grays,2010,F-102,4,16.7,2819,NA,NA,0.3270,Grimm and crew skipped eyed egg sampling
Grays,2010,F-103,4,20.9,2626,NA,NA,0.3550,Grimm and crew skipped eyed egg sampling
Grays,2010,F-104,4,20.2,3167,NA,NA,0.3080,Grimm and crew skipped eyed egg sampling
Grays,2010,F-105,4,21.8,2443,NA,NA,0.3280,Grimm and crew skipped eyed egg sampling
Grays,2010,F-106,4,17.0,3138,NA,NA,0.3350,Grimm and crew skipped eyed egg sampling
Grays,2010,F-107,4,19.4,2661,NA,NA,0.3150,Grimm and crew skipped eyed egg sampling
Grays,2010,F-108,4,17.7,2843,NA,NA,0.3440,Grimm and crew skipped eyed egg sampling
Grays,2010,F-109,3,16.9,1655,NA,NA,0.2810,Grimm and crew skipped eyed egg sampling
Grays,2010,F-110,4,20.1,2884,NA,NA,0.3160,Grimm and crew skipped eyed egg sampling
Grays,2010,F-111,4,20.1,3971,NA,NA,0.3240,Grimm and crew skipped eyed egg sampling
Grays,2010,F-112,4,16.6,2105,NA,NA,0.2460,Grimm and crew skipped eyed egg sampling
Grays,2010,F-113,4,17.6,2967,NA,NA,0.3690,Grimm and crew skipped eyed egg sampling
Grays,2010,F-114,3,21.5,2931,NA,NA,0.2270,Grimm and crew skipped eyed egg sampling
Grays,2010,F-115,4,18.7,2936,NA,NA,0.3420,Grimm and crew skipped eyed egg sampling
Grays,2010,F-116,4,18.7,2131,NA,NA,0.3030,Grimm and crew skipped eyed egg sampling
Grays,2010,F-117,3,18.3,2319,NA,NA,0.3070,Grimm and crew skipped eyed egg sampling
Grays,2010,F-118,4,18.8,2895,NA,NA,0.3920,Grimm and crew skipped eyed egg sampling
Grays,2010,F-119,3,20.3,2822,NA,NA,0.2570,Grimm and crew skipped eyed egg sampling
Grays,2010,F-120,5,15.7,2284,NA,NA,0.3080,Grimm and crew skipped eyed egg sampling
Grays,2010,F-121,4,19.9,3046,NA,NA,0.2740,Grimm and crew skipped eyed egg sampling
Grays,2010,F-122,4,20.6,4148,NA,NA,0.2880,Grimm and crew skipped eyed egg sampling
Grays,2010,F-123,4,20.5,2900,NA,NA,0.3020,Grimm and crew skipped eyed egg sampling
Grays,2010,F-124,4,16.3,2654,NA,NA,0.3240,Grimm and crew skipped eyed egg sampling
Grays,2010,F-125,4,19.9,2907,NA,NA,0.3070,Grimm and crew skipped eyed egg sampling
Grays,2010,F-126,4,18.7,2988,NA,NA,0.3140,Grimm and crew skipped eyed egg sampling
Grays,2010,F-127,3,26.9,3669,NA,NA,0.2540,Grimm and crew skipped eyed egg sampling
Grays,2010,F-128,4,17.9,3263,NA,NA,0.2730,Grimm and crew skipped eyed egg sampling
Grays,2010,F-129,4,16.0,2633,NA,NA,0.3280,Grimm and crew skipped eyed egg sampling
Grays,2010,F-130,4,20.4,3567,NA,NA,0.3260,Grimm and crew skipped eyed egg sampling
Grays,2010,F-131,4,19.3,3071,NA,NA,0.3060,Grimm and crew skipped eyed egg sampling
Grays,2010,F-132,4,19.9,3310,NA,NA,0.3310,Grimm and crew skipped eyed egg sampling
Grays,2010,F-133,4,17.1,2732,NA,NA,0.3160,Grimm and crew skipped eyed egg sampling
Grays,2010,F-134,4,17.4,2681,NA,NA,0.3520,Grimm and crew skipped eyed egg sampling
Grays,2010,F-135,4,19.8,3278,NA,NA,0.2840,Grimm and crew skipped eyed egg sampling
Grays,2010,F-136,4,15.0,2456,NA,NA,0.3460,Grimm and crew skipped eyed egg sampling
Grays,2010,F-137,88,18.0,3014,NA,NA,0.3540,Grimm and crew skipped eyed egg sampling
Grays,2010,F-138,4,19.3,3230,NA,NA,0.2740,Grimm and crew skipped eyed egg sampling
Grays,2010,F-139,4,16.2,2243,NA,NA,0.3110,Grimm and crew skipped eyed egg sampling
Grays,2010,F-140,4,19.2,2795,NA,NA,0.3470,Grimm and crew skipped eyed egg sampling
Grays,2010,F-141,4,18.7,3212,NA,NA,0.3410,Grimm and crew skipped eyed egg sampling
Grays,2010,F-142,4,15.4,2313,NA,NA,0.3280,Grimm and crew skipped eyed egg sampling
Grays,2010,F-143,3,20.8,2067,NA,NA,0.2990,Grimm and crew skipped eyed egg sampling
Grays,2010,F-144,4,20.0,2889,NA,NA,0.3560,Grimm and crew skipped eyed egg sampling
Grays,2010,F-145,4,14.5,2408,NA,NA,0.3070,Grimm and crew skipped eyed egg sampling
Grays,2010,F-146,4,13.1,2162,NA,NA,0.2840,Grimm and crew skipped eyed egg sampling and egg weights
Grays,2011,F-1,4,17.9,2203,NA,NA,NA,Grimm and crew skipped eyed egg sampling and egg weights
Grays,2011,F-2,4,19.9,2611,NA,NA,NA,Grimm and crew skipped eyed egg sampling and egg weights
Grays,2011,F-3,4,17.3,2985,NA,NA,NA,Grimm and crew skipped eyed egg sampling and egg weights
Grays,2011,F-4,4,18.5,3160,NA,NA,NA,Grimm and crew skipped eyed egg sampling and egg weights
Grays,2011,F-5,4,17.5,2376,NA,NA,NA,Grimm and crew skipped eyed egg sampling and egg weights
Grays,2011,F-6,4,13.4,1760,NA,NA,NA,Grimm and crew skipped eyed egg sampling and egg weights
Grays,2011,F-7,4,16.9,2796,NA,NA,NA,Grimm and crew skipped eyed egg sampling and egg weights
Grays,2011,F-8,4,16.3,2552,NA,NA,NA,Grimm and crew skipped eyed egg sampling and egg weights
Grays,2011,F-9,4,15.1,1703,NA,NA,NA,Grimm and crew skipped eyed egg sampling and egg weights
Grays,2011,F-10,4,8.1,1721,NA,NA,NA,Grimm and crew skipped eyed egg sampling and egg weights
Grays,2011,F-11,4,18.3,2164,NA,NA,NA,Grimm and crew skipped eyed egg sampling and egg weights
Grays,2011,F-12,4,17.9,2165,NA,NA,NA,Grimm and crew skipped eyed egg sampling and egg weights
Grays,2011,F-13,4,17.1,2156,NA,NA,NA,Grimm and crew skipped eyed egg sampling and egg weights
Grays,2011,F-14,4,18.7,1851,NA,NA,NA,Grimm and crew skipped eyed egg sampling and egg weights
Grays,2011,F-15,4,16.3,2944,NA,NA,NA,Grimm and crew skipped eyed egg sampling and egg weights
Grays,2011,F-16,4,11.7,1568,NA,NA,NA,Grimm and crew skipped eyed egg sampling and egg weights
Grays,2011,F-17,4,18.5,536,NA,NA,NA,Grimm and crew skipped eyed egg sampling and egg weights
Grays,2011,F-18,4,16.9,2576,NA,NA,NA,Grimm and crew skipped eyed egg sampling and egg weights
Grays,2011,F-19,4,16.9,1993,NA,NA,NA,Grimm and crew skipped eyed egg sampling and egg weights
Grays,2011,F-20,4,17.6,2122,NA,NA,NA,Grimm and crew skipped eyed egg sampling and egg weights
Grays,2011,F-21,4,20.2,3257,NA,NA,NA,Grimm and crew skipped eyed egg sampling and egg weights
Grays,2011,F-22,4,11.6,1927,NA,NA,NA,Grimm and crew skipped eyed egg sampling and egg weights
Grays,2011,F-23,4,17.3,2618,NA,NA,NA,Grimm and crew skipped eyed egg sampling and egg weights
Grays,2011,F-24,4,17.5,2116,NA,NA,NA,Grimm and crew skipped eyed egg sampling and egg weights
Grays,2011,F-25,4,16.2,2637,NA,NA,NA,Grimm and crew skipped eyed egg sampling and egg weights
Grays,2011,F-26,4,17.5,2801,NA,NA,NA,Grimm and crew skipped eyed egg sampling and egg weights
Grays,2011,F-27,4,18.2,2533,NA,NA,NA,Grimm and crew skipped eyed egg sampling and egg weights
Grays,2011,F-28,4,13.6,1568,NA,NA,NA,Grimm and crew skipped eyed egg sampling and egg weights
Grays,2011,F-29,4,23.0,5328,NA,NA,NA,Grimm and crew skipped eyed egg sampling and egg weights
Grays,2011,F-30,4,19.0,3772,NA,NA,NA,Grimm and crew skipped eyed egg sampling and egg weights
Grays,2011,F-31,4,19.0,3142,NA,NA,NA,Grimm and crew skipped eyed egg sampling and egg weights
Grays,2011,F-32,4,19.3,2979,NA,NA,NA,Grimm and crew skipped eyed egg sampling and egg weights
Grays,2011,F-33,4,14.7,2339,NA,NA,NA,Grimm and crew skipped eyed egg sampling and egg weights
Grays,2011,F-34,4,17.4,2602,NA,NA,NA,Grimm and crew skipped eyed egg sampling and egg weights
Grays,2011,F-35,4,18.1,2479,NA,NA,NA,Grimm and crew skipped eyed egg sampling and egg weights
Grays,2011,F-36,4,13.0,2679,NA,NA,NA,Grimm and crew skipped eyed egg sampling and egg weights
Grays,2011,F-37,4,15.2,2413,NA,NA,NA,Grimm and crew skipped eyed egg sampling and egg weights
Grays,2011,F-38,4,20.3,4519,NA,NA,NA,Grimm and crew skipped eyed egg sampling and egg weights
Grays,2011,F-39,4,17.4,2696,NA,NA,NA,Grimm and crew skipped eyed egg sampling and egg weights
Grays,2011,F-40,4,14.3,1725,NA,NA,NA,Grimm and crew skipped eyed egg sampling and egg weights
Grays,2011,F-41,4,19.7,2912,NA,NA,NA,Grimm and crew skipped eyed egg sampling and egg weights
Grays,2011,F-42,4,19.2,3070,NA,NA,NA,Grimm and crew skipped eyed egg sampling and egg weights
Grays,2011,F-43,4,13.6,1949,NA,NA,NA,Grimm and crew skipped eyed egg sampling and egg weights
Grays,2011,F-44,4,17.3,1792,NA,NA,NA,Grimm and crew skipped eyed egg sampling and egg weights
Grays,2011,F-45,4,18.0,2516,NA,NA,NA,Grimm and crew skipped eyed egg sampling and egg weights
Grays,2011,F-46,4,17.4,2537,NA,NA,NA,Grimm and crew skipped eyed egg sampling and egg weights
Grays,2011,F-47,4,18.0,2396,NA,NA,NA,Grimm and crew skipped eyed egg sampling and egg weights
Grays,2011,F-48,4,15.0,2661,NA,NA,NA,Grimm and crew skipped eyed egg sampling and egg weights
Grays,2011,F-49,5,17.7,2066,NA,NA,NA,Grimm and crew skipped eyed egg sampling and egg weights
Grays,2011,F-50,4,17.2,2201,NA,NA,NA,Grimm and crew skipped eyed egg sampling and egg weights
Grays,2011,F-51,4,16.5,1750,NA,NA,NA,Grimm and crew skipped eyed egg sampling and egg weights
Grays,2011,F-52,4,14.8,2440,NA,NA,NA,Grimm and crew skipped eyed egg sampling and egg weights
Grays,2011,F-53,4,13.7,1666,NA,NA,NA,Grimm and crew skipped eyed egg sampling and egg weights
Grays,2011,F-54,4,16.4,2629,NA,NA,NA,Grimm and crew skipped eyed egg sampling and egg weights
Grays,2011,F-55,4,18.0,2623,NA,NA,NA,Grimm and crew skipped eyed egg sampling and egg weights
Grays,2011,F-56,4,16.0,2711,NA,NA,NA,Grimm and crew skipped eyed egg sampling and egg weights
Grays,2011,F-57,4,18.4,3124,NA,NA,NA,Grimm and crew skipped eyed egg sampling and egg weights
Grays,2011,F-58,4,12.2,1656,NA,NA,NA,Grimm and crew skipped eyed egg sampling and egg weights
Grays,2011,F-59,4,12.9,1960,NA,NA,NA,Grimm and crew skipped eyed egg sampling and egg weights
Grays,2011,F-60,4,17.5,2844,NA,NA,NA,Grimm and crew skipped eyed egg sampling and egg weights
Grays,2011,F-61,4,10.0,1490,NA,NA,NA,Grimm and crew skipped eyed egg sampling and egg weights
Grays,2011,F-62,4,17.7,2693,NA,NA,NA,Grimm and crew skipped eyed egg sampling and egg weights
Grays,2011,F-63,4,16.9,3439,NA,NA,NA,Grimm and crew skipped eyed egg sampling and egg weights
Grays,2011,F-64,4,14.6,2051,NA,NA,NA,Grimm and crew skipped eyed egg sampling and egg weights
Grays,2011,F-65,4,15.9,1952,NA,NA,NA,Grimm and crew skipped eyed egg sampling and egg weights
Grays,2011,F-66,4,10.1,1102,NA,NA,NA,Grimm and crew skipped eyed egg sampling and egg weights
Grays,2011,F-67,4,13.2,2305,NA,NA,NA,Grimm and crew skipped eyed egg sampling and egg weights
Grays,2011,F-68,4,8.9,1003,NA,NA,NA,Grimm and crew skipped eyed egg sampling and egg weights
Grays,2011,F-69,4,19.3,2650,NA,NA,NA,Grimm and crew skipped eyed egg sampling and egg weights
Grays,2011,F-70,4,9.2,962,NA,NA,NA,Grimm and crew skipped eyed egg sampling and egg weights
Grays,2011,F-71,4,12.3,1939,NA,NA,NA,Grimm and crew skipped eyed egg sampling and egg weights
Grays,2011,F-72,4,18.2,2337,NA,NA,NA,Grimm and crew skipped eyed egg sampling and egg weights
Grays,2011,F-73,4,16.0,2604,NA,NA,NA,Grimm and crew skipped eyed egg sampling and egg weights
Grays,2011,F-74,4,16.6,2553,NA,NA,NA,Grimm and crew skipped eyed egg sampling and egg weights
Grays,2011,F-75,NA,8.2,1173,NA,NA,NA,Grimm and crew skipped eyed egg sampling and egg weights
Grays,2011,F-76,4,20.1,2206,NA,NA,NA,Grimm and crew skipped eyed egg sampling and egg weights
Grays,2011,F-77,4,16.3,2705,NA,NA,NA,Grimm and crew skipped eyed egg sampling and egg weights
Grays,2011,F-78,4,12.5,2430,NA,NA,NA,Grimm and crew skipped eyed egg sampling and egg weights
Grays,2011,F-79,4,17.3,2233,NA,NA,NA,Grimm and crew skipped eyed egg sampling and egg weights
Grays,2011,F-80,4,18.6,2981,NA,NA,NA,Grimm and crew skipped eyed egg sampling and egg weights
Grays,2011,F-81,5,17.2,2554,NA,NA,NA,Grimm and crew skipped eyed egg sampling and egg weights
Grays,2011,F-82,4,14.5,1957,NA,NA,NA,Grimm and crew skipped eyed egg sampling and egg weights
Grays,2011,F-83,4,13.7,1819,NA,NA,NA,Grimm and crew skipped eyed egg sampling and egg weights
Grays,2011,F-84,4,16.7,2718,NA,NA,NA,Grimm and crew skipped eyed egg sampling and egg weights
Grays,2011,F-85,4,16.9,3246,NA,NA,NA,Grimm and crew skipped eyed egg sampling and egg weights
Grays,2011,F-86,4,19.2,2087,NA,NA,NA,Grimm and crew skipped eyed egg sampling and egg weights
Grays,2011,F-87,4,15.0,1777,NA,NA,NA,Grimm and crew skipped eyed egg sampling and egg weights
Grays,2011,F-88,4,11.0,1435,NA,NA,NA,Grimm and crew skipped eyed egg sampling and egg weights
Grays,2011,F-89,4,15.7,1403,NA,NA,NA,Grimm and crew skipped eyed egg sampling and egg weights
Grays,2011,F-90,4,17.9,2681,NA,NA,NA,Grimm and crew skipped eyed egg sampling and egg weights
Grays,2011,F-91,4,19.5,2923,NA,NA,NA,Grimm and crew skipped eyed egg sampling and egg weights
Grays,2011,F-92,4,16.0,2948,NA,NA,NA,Grimm and crew skipped eyed egg sampling and egg weights
Grays,2011,F-93,4,19.7,2684,NA,NA,NA,Grimm and crew skipped eyed egg sampling and egg weights
Grays,2011,F-94,4,20.3,2927,NA,NA,NA,Grimm and crew skipped eyed egg sampling and egg weights
Grays,2011,F-95,4,17.6,2293,NA,NA,NA,Grimm and crew skipped eyed egg sampling and egg weights
Grays,2011,F-96,4,19.1,2878,NA,NA,NA,Grimm and crew skipped eyed egg sampling and egg weights
Grays,2011,F-97,4,17.4,2137,NA,NA,NA,Grimm and crew skipped eyed egg sampling and egg weights
Grays,2011,F-98,4,18.3,2608,NA,NA,NA,Grimm and crew skipped eyed egg sampling and egg weights
Grays,2011,F-99,4,23.2,2404,NA,NA,NA,Grimm and crew skipped eyed egg sampling and egg weights
Grays,2011,F-100,4,22.0,3320,NA,NA,NA,Grimm and crew skipped eyed egg sampling and egg weights
Grays,2011,F-101,4,18.6,2317,NA,NA,NA,Grimm and crew skipped eyed egg sampling and egg weights
Grays,2011,F-102,4,13.9,1973,NA,NA,NA,Grimm and crew skipped eyed egg sampling and egg weights
Grays,2011,F-103,4,13.9,2143,NA,NA,NA,Grimm and crew skipped eyed egg sampling and egg weights
Grays,2011,F-104,NA,12.4,1511,NA,NA,NA,Grimm and crew skipped eyed egg sampling and egg weights
Grays,2011,F-105,NA,15.1,2253,NA,NA,NA,Grimm and crew skipped eyed egg sampling and egg weights
Grays,2011,F-106,4,14.1,1507,NA,NA,NA,Grimm and crew skipped eyed egg sampling and egg weights
Grays,2011,F-107,4,12.7,2202,NA,NA,NA,Grimm and crew skipped eyed egg sampling and egg weights
Grays,2011,F-108,4,16.0,1923,NA,NA,NA,Grimm and crew skipped eyed egg sampling and egg weights
Grays,2011,F-109,4,14.7,2037,NA,NA,NA,Grimm and crew skipped eyed egg sampling and egg weights
Grays,2011,F-110,4,13.1,1774,NA,NA,NA,Grimm and crew skipped eyed egg sampling and egg weights
Grays,2011,F-111,4,19.5,2304,NA,NA,NA,Grimm and crew skipped eyed egg sampling and egg weights
Grays,2011,F-112,4,12.4,1302,NA,NA,NA,Grimm and crew skipped eyed egg sampling and egg weights
Grays,2011,F-113,4,8.6,1038,NA,NA,NA,Grimm and crew skipped eyed egg sampling and egg weights
Grays,2011,F-114,5,11.0,3023,NA,NA,NA,Grimm and crew skipped eyed egg sampling and egg weights
Grays,2011,F-115,4,19.2,2659,NA,NA,NA,Grimm and crew skipped eyed egg sampling and egg weights
Grays,2011,F-116,4,17.7,2695,NA,NA,NA,Grimm and crew skipped eyed egg sampling and egg weights
Grays,2011,F-117,4,16.3,3066,NA,NA,NA,Grimm and crew skipped eyed egg sampling and egg weights
Grays,2011,F-118,4,16.5,2681,NA,NA,NA,Grimm and crew skipped eyed egg sampling and egg weights
Grays,2011,F-119,4,17.1,2579,NA,NA,NA,Grimm and crew skipped eyed egg sampling and egg weights
Grays,2011,F-120,4,15.6,1377,NA,NA,NA,Grimm and crew skipped eyed egg sampling and egg weights
Grays,2011,F-121,4,18.1,3111,NA,NA,NA,Grimm and crew skipped eyed egg sampling and egg weights
Grays,2011,F-122,3,21.1,3200,NA,NA,NA,Grimm and crew skipped eyed egg sampling and egg weights
Grays,2011,F-123,4,16.1,1443,NA,NA,NA,Grimm and crew skipped eyed egg sampling and egg weights
Grays,2011,F-124,4,15.7,2052,NA,NA,NA,Grimm and crew skipped eyed egg sampling and egg weights
Grays,2011,F-125,4,18.7,2631,NA,NA,NA,Grimm and crew skipped eyed egg sampling and egg weights
Grays,2011,F-126,4,18.8,2239,NA,NA,NA,Grimm and crew skipped eyed egg sampling and egg weights
Grays,2011,F-127,4,13.4,2524,NA,NA,NA,Grimm and crew skipped eyed egg sampling and egg weights
Grays,2011,F-128,4,19.4,2841,NA,NA,NA,Grimm and crew skipped eyed egg sampling and egg weights
Grays,2011,F-129,4,12.6,1450,NA,NA,NA,Grimm and crew skipped eyed egg sampling and egg weights
Grays,2011,F-130,4,11.7,1442,NA,NA,NA,Grimm and crew skipped eyed egg sampling and egg weights
Grays,2011,F-131,4,16.2,2246,NA,NA,NA,Grimm and crew skipped eyed egg sampling and egg weights
Grays,2011,F-132,4,19.5,3182,NA,NA,NA,Grimm and crew skipped eyed egg sampling and egg weights
Grays,2011,F-133,4,19.3,2855,NA,NA,NA,Grimm and crew skipped eyed egg sampling and egg weights
Grays,2011,F-134,4,17.7,1990,NA,NA,NA,Grimm and crew skipped eyed egg sampling and egg weights
Grays,2011,F-135,4,15.5,2714,NA,NA,NA,Grimm and crew skipped eyed egg sampling and egg weights
Grays,2011,F-136,4,19.3,2812,NA,NA,NA,Grimm and crew skipped eyed egg sampling and egg weights
Grays,2011,F-137,4,16.4,1728,NA,NA,NA,Grimm and crew skipped eyed egg sampling and egg weights
Grays,2011,F-138,4,20.6,2678,NA,NA,NA,Grimm and crew skipped eyed egg sampling and egg weights
Grays,2011,F-139,4,18.1,2133,NA,NA,NA,Grimm and crew skipped eyed egg sampling and egg weights
Grays,2011,F-140,4,17.7,2854,NA,NA,NA,Grimm and crew skipped eyed egg sampling and egg weights
Grays,2011,F-141,4,16.1,2508,NA,NA,NA,Grimm and crew skipped eyed egg sampling and egg weights
Grays,2011,F-142,88,NA,NA,NA,NA,NA,green girl
Grays,2011,F-143,4,15.2,2516,NA,NA,NA,Grimm and crew skipped eyed egg sampling and egg weights
Grays,2011,F-144,4,15.4,1602,NA,NA,NA,Grimm and crew skipped eyed egg sampling and egg weights
Grays,2011,F-145,4,19.0,3383,NA,NA,NA,Grimm and crew skipped eyed egg sampling and egg weights
Grays,2011,F-146,4,18.4,1907,NA,NA,NA,Grimm and crew skipped eyed egg sampling and egg weights
Grays,2011,F-147,4,19.0,2449,NA,NA,NA,Grimm and crew skipped eyed egg sampling and egg weights
Grays,2011,F-148,4,16.4,2059,NA,NA,NA,Grimm and crew skipped eyed egg sampling and egg weights
Grays,2011,F-149,4,17.0,2354,NA,NA,NA,Grimm and crew skipped eyed egg sampling and egg weights
Grays,2011,F-150,4,14.5,1784,NA,NA,NA,Grimm and crew skipped eyed egg sampling and egg weights
Grays,2011,F-151,4,15.6,1947,NA,NA,NA,Grimm and crew skipped eyed egg sampling and egg weights
Grays,2011,F-152,4,16.3,2055,NA,NA,NA,Grimm and crew skipped eyed egg sampling and egg weights
Grays,2012,F-1,4,19.0,3432,NA,NA,0.3310,Grimm and crew skipped eyed egg sampling
Grays,2012,F-2,4,19.3,2643,NA,NA,0.3470,Grimm and crew skipped eyed egg sampling
Grays,2012,F-3,4,17.3,2642,NA,NA,0.3460,Grimm and crew skipped eyed egg sampling
Grays,2012,F-4,4,19.7,2814,NA,NA,0.2810,Grimm and crew skipped eyed egg sampling
Grays,2012,F-5,4,13.9,2369,NA,NA,0.3770,Grimm and crew skipped eyed egg sampling
Grays,2012,F-6,4,19.1,2389,NA,NA,0.2990,Grimm and crew skipped eyed egg sampling
Grays,2012,F-7,4,14.7,2647,NA,NA,0.3130,Grimm and crew skipped eyed egg sampling
Grays,2012,F-8,4,17.6,3176,NA,NA,0.2970,Grimm and crew skipped eyed egg sampling
Grays,2012,F-9,4,17.4,2351,NA,NA,0.2490,Grimm and crew skipped eyed egg sampling
Grays,2012,F-10,4,14.8,2488,NA,NA,0.3090,Grimm and crew skipped eyed egg sampling
Grays,2012,F-11,4,17.1,3046,NA,NA,0.2390,Grimm and crew skipped eyed egg sampling
Grays,2012,F-12,4,13.8,2076,NA,NA,0.3280,Grimm and crew skipped eyed egg sampling
Grays,2012,F-13,4,16.2,2606,NA,NA,0.3170,Grimm and crew skipped eyed egg sampling
Grays,2012,F-14,4,17.2,3453,NA,NA,0.3450,Grimm and crew skipped eyed egg sampling
Grays,2012,F-15,3,16.7,3814,NA,NA,0.2800,Grimm and crew skipped eyed egg sampling
Grays,2012,F-16,4,17.2,2939,NA,NA,0.2980,Grimm and crew skipped eyed egg sampling
Grays,2012,F-17,4,18.0,2920,NA,NA,0.3190,Grimm and crew skipped eyed egg sampling
Grays,2012,F-18,4,18.4,2861,NA,NA,0.2940,Grimm and crew skipped eyed egg sampling
Grays,2012,F-19,4,12.5,1887,NA,NA,0.3370,Grimm and crew skipped eyed egg sampling
Grays,2012,F-20,4,17.2,3090,NA,NA,0.2580,Grimm and crew skipped eyed egg sampling
Grays,2012,F-21,4,16.2,2685,NA,NA,0.3010,Grimm and crew skipped eyed egg sampling
Grays,2012,F-22,4,17.7,2997,NA,NA,0.3200,Grimm and crew skipped eyed egg sampling
Grays,2012,F-23,4,17.5,2766,NA,NA,0.3440,Grimm and crew skipped eyed egg sampling
Grays,2012,F-24,4,14.4,2715,NA,NA,0.3010,Grimm and crew skipped eyed egg sampling
Grays,2012,F-25,4,15.4,2676,NA,NA,0.2980,Grimm and crew skipped eyed egg sampling
Grays,2012,F-26,88,18.4,3330,NA,NA,0.3000,Grimm and crew skipped eyed egg sampling
Grays,2012,F-27,5,16.5,2375,NA,NA,0.4150,Grimm and crew skipped eyed egg sampling
Grays,2012,F-28,88,18.5,3239,NA,NA,0.1940,Grimm and crew skipped eyed egg sampling
Grays,2012,F-29,4,17.7,2900,NA,NA,0.3310,Grimm and crew skipped eyed egg sampling
Grays,2012,F-30,4,12.5,1893,NA,NA,0.3100,Grimm and crew skipped eyed egg sampling
Grays,2012,F-31,4,16.8,2755,NA,NA,0.3270,Grimm and crew skipped eyed egg sampling
Grays,2012,F-32,4,17.5,3892,NA,NA,NA,Grimm and crew skipped eyed egg sampling
Grays,2012,F-33,4,15.2,2448,NA,NA,0.3090,Grimm and crew skipped eyed egg sampling
Grays,2012,F-34,4,11.3,2152,NA,NA,0.3350,Grimm and crew skipped eyed egg sampling
Grays,2012,F-35,3,18.1,2738,NA,NA,0.2840,Grimm and crew skipped eyed egg sampling
Grays,2012,F-36,4,15.7,3628,NA,NA,0.3070,Grimm and crew skipped eyed egg sampling
Grays,2012,F-37,4,17.3,2781,NA,NA,0.3100,Grimm and crew skipped eyed egg sampling
Grays,2012,F-38,4,15.4,2586,NA,NA,0.3320,Grimm and crew skipped eyed egg sampling
Grays,2012,F-39,4,17.2,3105,NA,NA,0.3310,Grimm and crew skipped eyed egg sampling
Grays,2012,F-40,88,15.9,2638,NA,NA,0.3230,Grimm and crew skipped eyed egg sampling
Grays,2012,F-41,4,18.7,3167,NA,NA,0.3190,Grimm and crew skipped eyed egg sampling
Grays,2012,F-42,5,17.4,3045,NA,NA,0.2820,Grimm and crew skipped eyed egg sampling
Grays,2012,F-43,4,15.4,2195,NA,NA,0.3200,Grimm and crew skipped eyed egg sampling
Grays,2012,F-44,4,12.4,1798,NA,NA,0.3940,Grimm and crew skipped eyed egg sampling
Grays,2012,F-45,5,18.1,2862,NA,NA,0.3360,Grimm and crew skipped eyed egg sampling
Grays,2012,F-46,4,18.4,3198,NA,NA,0.3160,Grimm and crew skipped eyed egg sampling
Grays,2012,F-47,3,18.3,2207,NA,NA,0.2870,Grimm and crew skipped eyed egg sampling
Grays,2012,F-48,4,17.7,2637,NA,NA,0.2590,Grimm and crew skipped eyed egg sampling
Grays,2012,F-49,4,15.9,2360,NA,NA,0.3770,Grimm and crew skipped eyed egg sampling
Grays,2012,F-50,5,18.4,3098,NA,NA,0.2930,Grimm and crew skipped eyed egg sampling
Grays,2012,F-51,4,13.3,3089,NA,NA,0.3010,Grimm and crew skipped eyed egg sampling
Grays,2012,F-52,4,17.3,3527,NA,NA,0.2470,Grimm and crew skipped eyed egg sampling
Grays,2012,F-53,4,17.6,2717,NA,NA,0.3060,Grimm and crew skipped eyed egg sampling
Grays,2012,F-54,3,6.4,1051,NA,NA,0.3200,Grimm and crew skipped eyed egg sampling
Grays,2012,F-55,4,18.5,2340,NA,NA,0.3540,Grimm and crew skipped eyed egg sampling
Grays,2012,F-56,4,19.7,3289,NA,NA,0.3840,Grimm and crew skipped eyed egg sampling
Grays,2012,F-57,88,16.9,2757,NA,NA,0.3360,Grimm and crew skipped eyed egg sampling
Grays,2012,F-58,5,19.4,2736,NA,NA,0.3220,Grimm and crew skipped eyed egg sampling
Grays,2012,F-59,4,18.8,3504,NA,NA,0.3120,Grimm and crew skipped eyed egg sampling
Grays,2012,F-60,4,15.4,2529,NA,NA,NA,Grimm and crew skipped eyed egg sampling
Grays,2012,F-61,4,18.0,3084,NA,NA,NA,Grimm and crew skipped eyed egg sampling
Grays,2012,F-62,4,11.9,2166,NA,NA,0.3190,Grimm and crew skipped eyed egg sampling
Grays,2012,F-63,5,13.7,2679,NA,NA,0.3350,Grimm and crew skipped eyed egg sampling
Grays,2012,F-64,3,13.1,2454,NA,NA,0.2550,Grimm and crew skipped eyed egg sampling
Grays,2012,F-65,4,17.4,2783,NA,NA,0.2880,Grimm and crew skipped eyed egg sampling
Grays,2012,F-66,5,17.9,2322,NA,NA,0.3610,Grimm and crew skipped eyed egg sampling
Grays,2012,F-67,3,18.7,2574,NA,NA,0.2470,Grimm and crew skipped eyed egg sampling
Grays,2012,F-68,4,15.9,1974,NA,NA,0.2970,Grimm and crew skipped eyed egg sampling
Grays,2012,F-69,4,19.2,2485,NA,NA,0.3700,Grimm and crew skipped eyed egg sampling
Grays,2012,F-70,4,16.0,2027,NA,NA,0.3090,Grimm and crew skipped eyed egg sampling
Grays,2012,F-71,4,15.9,3064,NA,NA,0.2660,Grimm and crew skipped eyed egg sampling
Grays,2012,F-72,3,16.9,2364,NA,NA,0.2390,Grimm and crew skipped eyed egg sampling
Grays,2012,F-73,4,17.1,2157,NA,NA,0.3160,Grimm and crew skipped eyed egg sampling
Grays,2012,F-74,5,16.7,2967,NA,NA,0.3450,Grimm and crew skipped eyed egg sampling
Grays,2012,F-75,3,20.0,2956,NA,NA,0.2590,Grimm and crew skipped eyed egg sampling
Grays,2012,F-76,4,19.9,2884,NA,NA,0.3170,Grimm and crew skipped eyed egg sampling
Grays,2012,F-77,4,18.9,3730,NA,NA,0.2940,Grimm and crew skipped eyed egg sampling
Grays,2012,F-78,4,16.4,2405,NA,NA,0.3120,Grimm and crew skipped eyed egg sampling
Grays,2012,F-79,5,17.4,3069,NA,NA,0.3250,Grimm and crew skipped eyed egg sampling
Grays,2012,F-80,4,19.7,2334,NA,NA,0.3030,Grimm and crew skipped eyed egg sampling
Grays,2012,F-81,5,5.0,567,NA,NA,0.3310,Grimm and crew skipped eyed egg sampling
Grays,2012,F-82,3,14.7,2189,NA,NA,0.3190,Grimm and crew skipped eyed egg sampling
Grays,2012,F-83,3,14.8,1677,NA,NA,0.2990,Grimm and crew skipped eyed egg sampling
Grays,2012,F-84,4,20.5,3149,NA,NA,0.3310,Grimm and crew skipped eyed egg sampling
Grays,2012,F-85,4,19.1,2684,NA,NA,0.3510,Grimm and crew skipped eyed egg sampling
Grays,2012,F-86,5,16.2,2813,NA,NA,0.4040,Grimm and crew skipped eyed egg sampling
Grays,2012,F-87,4,16.8,2816,NA,NA,0.3080,Grimm and crew skipped eyed egg sampling
Grays,2012,F-88,4,7.6,1175,NA,NA,0.3400,Grimm and crew skipped eyed egg sampling
Grays,2012,F-89,3,16.6,2426,NA,NA,0.2280,Grimm and crew skipped eyed egg sampling
Grays,2012,F-90,4,11.0,1497,NA,NA,0.3930,Grimm and crew skipped eyed egg sampling
Grays,2012,F-91,4,20.3,3324,NA,NA,0.3050,Grimm and crew skipped eyed egg sampling
Grays,2012,F-92,4,21.7,2604,NA,NA,0.3690,Grimm and crew skipped eyed egg sampling
Grays,2012,F-93,88,18.3,3675,NA,NA,0.2890,Grimm and crew skipped eyed egg sampling
Grays,2012,F-94,4,18.5,3969,NA,NA,0.3210,Grimm and crew skipped eyed egg sampling
Grays,2012,F-95,5,5.9,751,NA,NA,0.3480,Grimm and crew skipped eyed egg sampling
Grays,2012,F-96,4,17.5,2575,NA,NA,0.2620,Grimm and crew skipped eyed egg sampling
Grays,2012,F-97,4,14.9,2565,NA,NA,0.3540,Grimm and crew skipped eyed egg sampling
Grays,2012,F-98,5,18.2,2782,NA,NA,0.3600,Grimm and crew skipped eyed egg sampling
Grays,2012,F-99,4,19.2,3010,NA,NA,0.3220,Grimm and crew skipped eyed egg sampling
Grays,2012,F-100,4,19.4,3073,NA,NA,0.3170,Grimm and crew skipped eyed egg sampling
Grays,2012,F-101,4,18.6,2965,NA,NA,0.3340,Grimm and crew skipped eyed egg sampling
Grays,2012,F-102,4,17.8,2745,NA,NA,0.3100,Grimm and crew skipped eyed egg sampling
Grays,2012,F-103,4,19.3,3033,NA,NA,0.2410,Grimm and crew skipped eyed egg sampling
Grays,2012,F-104,4,18.9,2798,NA,NA,0.3260,Grimm and crew skipped eyed egg sampling
Grays,2012,F-105,4,16.3,2100,NA,NA,0.2930,Grimm and crew skipped eyed egg sampling
Grays,2012,F-106,4,18.6,3505,NA,NA,0.3700,Grimm and crew skipped eyed egg sampling
Grays,2012,F-107,3,19.5,2802,NA,NA,0.2720,Grimm and crew skipped eyed egg sampling
Grays,2012,F-108,5,20.4,3357,NA,NA,0.3170,Grimm and crew skipped eyed egg sampling
Grays,2012,F-109,4,18.0,3010,NA,NA,0.3720,Grimm and crew skipped eyed egg sampling
Grays,2012,F-110,4,15.0,1983,NA,NA,0.3470,Grimm and crew skipped eyed egg sampling
Grays,2012,F-111,4,15.6,2593,NA,NA,0.3070,Grimm and crew skipped eyed egg sampling
Grays,2012,F-112,5,11.7,2003,NA,NA,0.3370,Grimm and crew skipped eyed egg sampling
Grays,2012,F-113,4,17.5,2626,NA,NA,0.3770,Grimm and crew skipped eyed egg sampling
Grays,2013,F-1,3,15.8,2669,2669,2669,0.2410,"mostly dead eggs at shock, hand counted"
Grays,2013,F-2,5,13.9,2582,2602,2562,0.3380,
Grays,2013,F-3,4,15.2,3115,3143,3087,0.2940,
Grays,2013,F-4,5,19.1,3771,3981,3561,0.3630,
Grays,2013,F-5,4,14.3,2918,2983,2853,0.3210,
Grays,2013,F-6,4,12.1,1899,1953,1845,0.2160,
Grays,2013,F-7,5,9.1,1809,1817,1801,0.3400,
Grays,2013,F-8,5,16.8,2988,3069,2907,0.3310,
Grays,2013,F-9,5,14.8,2472,2519,2425,0.4050,
Grays,2013,F-10,5,12.6,2545,2567,2523,0.3300,
Grays,2013,F-11,4,16.5,2536,2557,2515,0.2750,
Grays,2013,F-12,5,14.7,2020,2056,1984,0.2970,
Grays,2013,F-13,5,6.2,935,956,914,0.3150,
Grays,2013,F-14,5,15.8,3045,3112,2978,0.3730,
Grays,2013,F-15,4,16.8,3047,3064,3030,0.2990,
Grays,2013,F-16,4,11.8,1711,1726,1696,0.3160,
Grays,2013,F-17,4,15.7,2793,2801,2785,0.3190,
Grays,2013,F-18,4,16.1,3429,3697,3161,0.2750,
Grays,2013,F-19,4,8.8,1599,1606,1592,0.2650,
Grays,2013,F-20,3,15.1,2177,2216,2138,0.2310,
Grays,2013,F-21,88,3.8,675,683,667,0.3020,
Grays,2013,F-22,3,14.4,2573,2596,2550,0.2350,
Grays,2013,F-23,3,18.1,2862,2895,2829,0.2970,
Grays,2013,F-24,88,17.3,2882,2914,2850,0.3230,
Grays,2013,F-25,5,18.0,3404,3438,3370,0.3020,
Grays,2013,F-26,3,10.5,1749,1754,1744,0.2640,
Grays,2013,F-27,4,15.6,2181,2185,2177,0.2960,
Grays,2013,F-28,4,12.9,2028,2058,1998,0.2380,
Grays,2013,F-29,4,18.6,2631,2646,2616,0.3040,
Grays,2013,F-30,5,16.6,2864,2936,2792,0.3380,
Grays,2013,F-31,4,17.9,2670,2700,2640,0.3430,
Grays,2013,F-32,3,16.8,2151,2170,2132,0.2460,
Grays,2013,F-33,5,NA,NA,NA,NA,NA,green girl
Grays,2013,F-34,4,12.3,2296,2315,2277,0.3260,
Grays,2013,F-35,88,19.0,2060,2075,2045,0.2320,
Grays,2013,F-36,4,17.0,1868,2007,1729,0.3710,
Grays,2013,F-37,4,15.8,1718,1718,1718,0.2910,"mostly dead eggs at shock, hand counted"
Grays,2013,F-38,5,NA,NA,NA,NA,NA,green girl
Grays,2013,F-39,4,NA,NA,NA,NA,NA,
Grays,2013,F-40,4,17.3,2959,2969,2949,0.3210,
Grays,2013,F-41,3,14.0,2467,2579,2355,0.2500,
Grays,2013,F-42,3,14.4,2241,2246,2236,0.3110,
Grays,2013,F-43,5,17.1,2900,2948,2852,0.2970,
Grays,2013,F-44,3,13.2,2487,2657,2317,0.2950,
Grays,2013,F-45,4,17.5,2467,2535,2399,0.3090,
Grays,2013,F-46,5,NA,1547,1561,1533,0.3840,
Grays,2013,F-47,4,18.9,3805,3812,3798,0.3020,
Grays,2013,F-48,4,19.2,2783,2806,2760,0.3160,
Grays,2013,F-49,3,17.3,2301,2315,2287,0.2520,
Grays,2013,F-50,4,19.2,1939,1952,1926,0.3270,
Grays,2013,F-51,4,16.9,2375,2383,2367,0.3030,
Grays,2013,F-52,4,16.0,1961,1983,1939,0.3310,
Grays,2013,F-53,4,17.1,3120,3158,3082,0.3050,
Grays,2013,F-54,4,19.8,3325,3349,3301,0.2660,
Grays,2013,F-55,4,17.4,3203,3205,3201,0.2820,
Grays,2013,F-56,4,17.0,2443,2449,2437,0.3430,
Grays,2013,F-57,3,17.2,2575,2604,2546,0.3130,
Grays,2013,F-58,88,20.3,2196,2229,2163,0.3040,
Grays,2013,F-59,4,19.2,2366,2379,2353,0.2990,
Grays,2013,F-60,4,18.6,3118,3177,3059,0.3040,
Grays,2013,F-61,4,18.2,2331,2337,2325,0.2990,
Grays,2013,F-62,4,19.4,3082,3151,3013,0.2880,
Grays,2013,F-63,4,18.3,2538,2555,2521,0.2800,
Grays,2013,F-64,4,20.4,3234,3258,3210,0.2940,
Grays,2013,F-65,4,14.5,2092,2095,2089,0.2390,
Grays,2013,F-66,4,17.3,2712,2727,2697,0.2880,
Grays,2013,F-67,4,17.4,2510,2523,2497,0.2550,
Grays,2013,F-68,3,13.1,1612,1623,1601,0.2540,
Grays,2013,F-69,88,18.0,2779,2791,2767,0.3270,
Grays,2013,F-70,4,17.6,2760,2864,2656,0.2880,
Grays,2013,F-71,4,16.4,2656,2669,2643,0.3100,
Grays,2013,F-72,4,15.4,1810,1830,1790,0.2340,
Grays,2013,F-73,3,15.3,2483,2490,2476,0.2170,
Grays,2013,F-74,3,12.7,2094,2157,2031,0.2970,
Grays,2013,F-75,4,14.0,2425,2492,2358,NA,
Grays,2013,F-76,3,11.5,1539,1576,1502,0.2660,
Grays,2013,F-77,3,14.8,2266,2278,2254,0.2470,
Grays,2013,F-78,4,14.7,2116,2126,2106,0.3040,
Grays,2013,F-79,4,18.5,2853,2861,2845,0.3040,
Grays,2013,F-80,3,14.5,1666,1671,1661,0.2630,
Grays,2013,F-81,4,17.8,2523,2539,2507,0.2950,
Grays,2013,F-82,5,15.1,3592,3641,3543,0.2500,
Grays,2013,F-83,4,19.2,2514,2550,2478,0.3120,
Grays,2013,F-84,4,16.3,2213,2231,2195,0.3410,
Grays,2013,F-85,3,18.8,2314,2320,2308,0.2620,
Grays,2013,F-86,88,4.8,1104,1134,1074,0.3640,
Grays,2013,F-87,4,19.3,3032,3075,2989,0.2800,
Grays,2013,F-88,3,14.3,1611,1621,1601,0.2470,
Grays,2013,F-89,3,16.0,2534,2648,2420,0.2800,
Grays,2013,F-90,3,19.4,2720,2737,2703,0.2780,
Grays,2013,F-91,4,17.9,3758,3773,3743,0.2850,
Grays,2013,F-92,3,15.5,3118,3150,3086,0.2540,
Grays,2013,F-93,3,16.7,3269,3302,3236,0.2850,
Grays,2013,F-94,4,18.4,3101,3119,3083,0.2930,
Grays,2013,F-95,3,17.6,2912,2932,2892,0.2610,
Grays,2013,F-96,3,17.0,1720,1731,1709,0.3010,
Grays,2013,F-97,4,16.8,2890,2921,2859,0.2940,
Grays,2013,F-98,4,20.1,2427,2513,2341,0.3130,
Grays,2013,F-99,4,21.1,3507,3546,3468,0.2760,
Grays,2013,F-100,4,NA,NA,NA,NA,NA,green girl
Grays,2013,F-101,4,18.9,3280,3317,3243,0.3130,
Grays,2013,F-102,4,20.4,2891,2928,2854,0.2670,
Grays,2013,F-103,4,17.0,2569,2600,2538,0.3080,
Grays,2013,F-104,4,16.7,2038,2038,2038,0.3380,"mostly dead eggs at shock, hand counted"
Grays,2013,F-105,88,19.9,3669,3692,3646,0.2810,
Grays,2013,F-106,3,14.8,1751,1759,1743,0.2950,
Grays,2013,F-107,4,12.4,1746,1818,1674,0.2920,
Grays,2013,F-108,3,13.5,1642,1647,1637,0.2530,
Grays,2013,F-109,4,14.8,2191,2199,2183,0.2690,
Grays,2013,F-110,3,9.8,1115,1134,1096,0.2830,
Grays,2013,F-111,4,7.0,1066,1072,1060,0.3230,
Grays,2013,F-112,4,15.3,2027,2042,2012,0.2970,
Grays,2013,F-113,3,16.1,2114,2132,2096,0.2590,
Grays,2013,F-114,4,15.9,1665,1680,1650,0.2620,
Grays,2013,F-115,88,14.3,1723,1737,1709,0.3200,
Grays,2013,F-116,3,14.2,1881,2192,1570,0.2790,
Grays,2013,F-117,3,17.2,2884,2938,2830,0.2950,
Grays,2013,F-118,4,17.3,2437,2483,2391,0.3070,
Grays,2013,F-119,5,8.6,887,900,874,0.3780,
Grays,2013,F-120,4,12.5,1498,1505,1491,0.3110,
Grays,2013,F-121,3,15.8,1881,1891,1871,0.2750,
Grays,2013,F-122,3,13.0,1637,1637,1637,0.2580,
Grays,2013,F-123,3,17.9,1785,1827,1743,0.2830,
Grays,2013,F-124,3,16.6,1910,1924,1896,0.2640,
Grays,2013,F-125,3,15.2,2182,2192,2172,0.2510,
Grays,2014,F-1,4,19.4,3436,3477,3395,0.3630,
Grays,2014,F-2,4,16.0,2477,2497,2457,0.3310,
Grays,2014,F-3,4,15.8,2925,2965,2885,0.3240,
Grays,2014,F-4,4,13.9,2456,2481,2431,0.2890,
Grays,2014,F-5,4,18.5,3679,4332,3026,0.3170,
Grays,2014,F-6,4,16.4,2518,2571,2465,0.2880,
Grays,2014,F-7,4,12.3,2694,2733,2655,0.2950,
Grays,2014,F-8,3,19.2,3246,3276,3216,0.2640,
Grays,2014,F-9,4,21.4,3234,3317,3151,0.3260,
Grays,2014,F-10,4,17.6,2666,2697,2635,0.3210,
Grays,2014,F-11,4,15.7,2945,2964,2926,0.3490,
Grays,2014,F-12,4,16.8,3369,3442,3296,0.2890,
Grays,2014,F-13,4,18.0,2472,2486,2458,0.3160,
Grays,2014,F-14,4,16.6,3234,3314,3154,0.3410,
Grays,2014,F-15,3,18.0,2720,2739,2701,0.2720,
Grays,2014,F-16,4,18.4,2603,2619,2587,0.3260,
Grays,2014,F-17,4,18.4,3506,3536,3476,0.3220,
Grays,2014,F-18,4,16.5,2507,2527,2487,0.3570,
Grays,2014,F-19,4,15.1,2543,2574,2512,0.2810,
Grays,2014,F-20,4,21.1,2862,3028,2696,0.3610,
Grays,2014,F-21,4,17.8,3092,3378,2806,0.2830,
Grays,2014,F-22,4,15.6,3536,3551,3521,0.3020,
Grays,2014,F-23,4,16.1,1927,2270,1584,0.3140,
Grays,2014,F-24,4,14.3,2494,2527,2461,0.3280,
Grays,2014,F-25,4,17.5,2626,3214,2038,0.3270,
Grays,2014,F-26,4,16.1,2615,2618,2612,0.3550,
Grays,2014,F-27,4,16.4,2652,2661,2643,0.3630,
Grays,2014,F-28,4,16.7,3725,3755,3695,0.3310,
Grays,2014,F-29,4,17.6,3095,3122,3068,0.3850,
Grays,2014,F-30,4,19.3,2835,2862,2808,0.3200,
Grays,2014,F-31,4,14.6,2709,2870,2548,0.3320,
Grays,2014,F-32,4,16.8,2168,2175,2161,0.3640,
Grays,2014,F-33,3,17.3,2016,2027,2005,0.2740,
Grays,2014,F-34,4,11.0,1642,1676,1608,0.3730,
Grays,2014,F-35,3,17.8,2485,2496,2474,0.2870,
Grays,2014,F-36,4,16.5,3336,3373,3299,0.2760,
Grays,2014,F-37,4,14.3,2670,2726,2614,0.3620,
Grays,2014,F-38,88,19.5,3532,3564,3500,0.3240,
Grays,2014,F-39,4,20.6,3817,4031,3603,0.3120,
Grays,2014,F-40,4,19.3,2605,2629,2581,0.2890,
Grays,2014,F-41,4,19.1,3049,3123,2975,0.3340,
Grays,2014,F-42,4,13.0,2298,2331,2265,0.2940,
Grays,2014,F-43,4,11.7,1791,1811,1771,0.3200,
Grays,2014,F-44,3,19.3,2755,2776,2734,0.2950,
Grays,2014,F-45,3,19.7,2973,3045,2901,0.3100,
Grays,2014,F-46,3,19.3,2470,2476,2464,0.2850,
Grays,2014,F-47,4,17.2,3424,3498,3350,0.2930,
Grays,2014,F-48,4,11.1,1958,1976,1940,0.2980,
Grays,2014,F-49,4,6.5,816,859,773,0.3770,
Grays,2014,F-50,4,13.1,2124,2144,2104,0.3010,
Grays,2014,F-51,4,16.5,2682,2720,2644,0.3610,
Grays,2014,F-52,4,19.2,4281,4296,4266,0.3540,
Grays,2014,F-53,4,16.0,2805,2808,2802,0.3160,
Grays,2014,F-54,4,8.0,1329,1349,1309,0.3400,
Grays,2014,F-55,4,20.3,2686,2715,2657,0.3070,
Grays,2014,F-56,4,14.5,2382,2410,2354,0.2680,
Grays,2014,F-57,4,17.0,2616,2629,2603,0.3450,
Grays,2014,F-58,4,17.2,2566,2606,2526,0.3510,
Grays,2014,F-59,4,16.2,2218,2246,2190,0.3900,
Grays,2014,F-60,4,13.7,2697,2714,2680,0.3200,
Grays,2014,F-61,4,11.8,2481,2547,2415,0.3280,
Grays,2014,F-62,4,17.1,2746,2804,2688,0.3510,
Grays,2014,F-63,4,17.9,2637,2649,2625,0.3870,
Grays,2014,F-64,4,17.7,2978,3056,2900,0.3360,
Grays,2014,F-65,4,17.3,3079,3115,3043,0.3110,
Grays,2014,F-66,4,17.5,3136,3305,2967,0.2930,
Grays,2014,F-67,4,17.3,3183,3317,3049,0.3620,
Grays,2014,F-68,4,15.7,2607,2643,2571,0.3030,
Grays,2014,F-69,4,21.3,3099,3112,3086,0.3190,
Grays,2014,F-70,4,9.1,1320,1331,1309,0.3120,
Grays,2014,F-71,5,16.5,2228,2255,2201,0.3560,
Grays,2014,F-72,4,19.2,4264,4308,4220,0.2730,
Grays,2014,F-73,4,17.2,2631,2689,2573,0.3660,
Grays,2014,F-74,4,16.9,3541,3591,3491,0.3060,
Grays,2014,F-75,5,17.2,3027,3051,3003,0.3450,
Grays,2014,F-76,4,18.3,3149,3192,3106,0.3170,
Grays,2014,F-77,4,10.2,2054,2071,2037,0.3120,
Grays,2014,F-78,4,21.3,2939,2990,2888,0.3680,
Grays,2014,F-79,4,16.9,3038,3065,3011,0.2980,
Grays,2014,F-80,4,16.1,2371,2402,2340,0.3630,
Grays,2014,F-81,4,17.7,2682,2734,2630,0.2690,
Grays,2014,F-82,4,12.5,1109,1122,1096,0.3610,
Grays,2014,F-83,4,16.5,2306,2320,2292,0.3210,
Grays,2014,F-84,4,15.6,2093,2167,2019,0.2890,
Grays,2014,F-85,4,20.4,486,490,482,0.3200,
Grays,2014,F-86,4,14.9,2452,2478,2426,0.3210,
Grays,2014,F-87,4,17.5,2797,2849,2745,0.3380,
Grays,2014,F-88,4,14.7,2695,2756,2634,0.3260,
Grays,2014,F-89,5,14.8,2736,2752,2720,0.3190,
Grays,2014,F-90,3,12.7,1442,1448,1436,0.2940,
Grays,2014,F-91,3,11.9,1765,1781,1749,0.2900,
Grays,2014,F-92,4,19.1,2822,2885,2759,0.3160,
Grays,2014,F-93,4,18.5,3121,3149,3093,0.2970,
Grays,2014,F-94,4,18.8,3041,3156,2926,0.2640,
Grays,2014,F-95,4,5.4,1008,1048,968,0.3330,
Grays,2014,F-96,5,16.4,2878,2947,2809,0.2870,
Grays,2014,F-97,4,15.6,2682,2707,2657,0.2690,
Grays,2014,F-98,4,16.2,2472,2484,2460,0.3360,
Grays,2014,F-99,4,15.5,1851,1880,1822,0.3320,
Grays,2014,F-100,4,17.3,2714,2716,2713,0.3040,
Grays,2014,F-101,4,19.0,3530,3555,3505,0.3270,
Grays,2014,F-102,6,15.8,3813,4728,2898,0.3520,
Grays,2014,F-103,4,8.1,2890,3015,2765,0.3350,
Grays,2014,F-104,4,12.9,2403,2528,2278,0.3210,
Grays,2014,F-105,4,17.4,3553,3619,3487,0.2900,
Grays,2014,F-106,4,16.9,2602,2623,2581,0.2650,
Grays,2014,F-107,4,15.8,2441,2461,2421,0.3260,
Grays,2014,F-108,4,17.7,2827,2839,2815,0.3860,
Grays,2014,F-109,3,15.5,2399,2420,2378,0.2650,
Grays,2014,F-110,4,17.0,2838,2867,2809,0.3300,
Grays,2014,F-111,4,19.8,3016,3032,3000,0.3560,
Grays,2014,F-112,4,18.2,3331,3363,3299,0.3080,
Grays,2014,F-113,4,9.9,1454,1466,1442,0.3500,
Grays,2014,F-114,4,15.4,2841,2871,2811,0.3450,
Grays,2014,F-115,4,13.6,1997,2043,1951,0.3440,
Grays,2014,F-116,3,17.1,2725,2735,2715,0.2500,
Grays,2014,F-117,4,16.1,2716,2736,2696,0.3470,
Grays,2014,F-118,4,11.0,2092,2112,2072,0.3250,
Grays,2014,F-119,4,18.0,2084,2108,2060,0.2970,
Grays,2014,F-120,4,15.9,2547,2571,2523,0.2780,
Grays,2014,F-121,3,15.8,2806,2820,2792,0.2430,
Grays,2014,F-122,4,18.2,3251,3388,3114,0.3090,
Grays,2014,F-123,88,17.2,2348,2352,2344,0.2510,
Grays,2015,F-1,4,15.9,2759,2768,2750,0.3630,
Grays,2015,F-2,5,18.5,2459,2850,2068,0.3760,
Grays,2015,F-3,4,17.8,3490,3513,3467,0.2950,
Grays,2015,F-4,5,17.8,3020,3030,3010,0.3630,
Grays,2015,F-5,4,17.5,2945,2972,2918,0.3110,
Grays,2015,F-6,3,14.6,1885,1910,1860,0.2380,
Grays,2015,F-7,4,16.2,3263,3726,2800,0.3050,
Grays,2015,F-8,4,20.2,2774,2777,2771,0.3020,
Grays,2015,F-9,4,17.5,3075,3094,3056,0.3570,
Grays,2015,F-10,4,17.8,2982,2990,2974,0.3770,
Grays,2015,F-11,4,17.6,3342,3348,3336,0.2930,
Grays,2015,F-12,4,16.6,2045,2064,2026,0.3150,
Grays,2015,F-13,3,17.8,2614,2627,2601,0.2850,
Grays,2015,F-14,4,18.8,3090,3186,2994,0.2550,
Grays,2015,F-15,4,19.5,2677,2703,2651,0.2800,
Grays,2015,F-16,4,18.8,4132,4163,4101,0.3050,
Grays,2015,F-17,4,20.0,2817,2847,2787,0.3380,
Grays,2015,F-18,4,16.7,2936,2967,2905,0.3220,
Grays,2015,F-19,4,18.9,3850,3926,3774,0.3090,
Grays,2015,F-20,4,19.3,2630,2648,2612,0.2970,
Grays,2015,F-21,3,18.3,2305,2314,2296,0.2750,
Grays,2015,F-22,3,17.8,2734,2746,2722,0.2900,
Grays,2015,F-23,4,18.6,2595,2602,2588,0.3410,
Grays,2015,F-24,4,18.5,2615,2642,2588,0.3190,
Grays,2015,F-25,4,18.5,1791,1798,1784,0.3360,
Grays,2015,F-26,3,17.6,2185,2204,2166,0.3190,
Grays,2015,F-27,3,18.0,2641,2658,2624,0.2470,
Grays,2015,F-28,4,NA,NA,NA,NA,NA,green girl
Grays,2015,F-29,3,18.4,2076,2093,2059,0.2770,
Grays,2015,F-30,88,17.6,2373,2389,2357,0.2850,
Grays,2015,F-31,88,17.3,2419,2504,2334,NA,
Grays,2015,F-32,88,19.1,2419,2434,2404,NA,
Grays,2015,F-33,88,18.2,2582,2609,2555,NA,
Grays,2015,F-34,3,NA,NA,NA,NA,NA,green girl
Grays,2015,F-35,4,11.6,1682,1684,1680,0.3170,
Grays,2015,F-36,3,19.5,2772,2884,2660,0.3450,
Grays,2015,F-37,4,20.3,2963,2994,2932,0.3360,
Grays,2015,F-38,4,17.3,2667,2739,2595,0.3260,
Grays,2015,F-39,3,19.0,2540,2575,2505,0.2790,
Grays,2015,F-40,4,18.9,2663,2696,2630,0.3650,
Grays,2015,F-41,4,17.4,1888,1905,1871,0.3520,
Grays,2015,F-42,4,19.7,3148,3192,3104,0.3120,
Grays,2015,F-43,4,15.5,1849,1933,1765,0.2990,
Grays,2015,F-44,3,19.5,2405,2503,2307,0.2350,
Grays,2015,F-45,3,16.9,2272,2308,2236,0.2660,
Grays,2015,F-46,4,19.1,2468,2482,2454,0.2560,
Grays,2015,F-47,9,20.0,2455,2850,2060,0.3180,
Grays,2015,F-48,4,17.3,2683,2692,2674,0.2990,
Grays,2015,F-49,4,20.1,2736,2860,2612,0.2960,
Grays,2015,F-50,3,17.7,2298,2308,2288,0.2620,
Grays,2015,F-51,3,16.9,1818,1852,1784,0.3550,
Grays,2015,F-52,4,18.6,2834,2859,2809,0.2960,
Grays,2015,F-53,3,16.0,2353,2394,2312,0.2750,
Grays,2015,F-54,3,13.8,1935,1983,1887,0.2990,
Grays,2015,F-55,4,20.0,3002,3032,2972,0.2930,
Grays,2015,F-56,3,18.6,2165,2196,2134,0.2890,
Grays,2015,F-57,4,11.0,1182,1192,1172,0.3200,
Grays,2015,F-58,3,NA,NA,NA,NA,NA,green girl
Grays,2015,F-59,4,13.5,1488,1573,1403,0.3000,
Grays,2015,F-60,4,20.4,3675,3743,3607,0.2980,
Grays,2015,F-61,5,13.6,2133,2168,2098,0.3270,
Grays,2015,F-62,4,18.2,3558,3560,3556,0.3450,
Grays,2015,F-63,4,10.4,1501,1516,1486,0.2680,
Grays,2015,F-64,4,17.4,2098,2186,2010,0.3220,
Grays,2015,F-65,3,10.8,1512,1541,1483,0.2990,
